,prop_pk1,uf,partido,orgao,prop_1,prop_2,prop_3,prop_4,prop_pk2
0,BANCADA-AL,,,,,BANCADA DE ALAGOAS,BANCADA AL,,BANCADA-AL
1,MINISTERIO DAS COMUNICACOES,,,,MCOM (CD),MCOM,MINISTERIO DAS COMUNICACOES,,MINISTERIO DAS COMUNICACOES
2,BANCADA-ES,,,,BANCADA DO ESPIRITO SANTO,Bancada do Espírito Santo,BANCADA ES,,BANCADA-ES
3,BANCADA-MA,,,,BANCADA MA,BANCADA DO MARANHAO,BANCADA DEPUTADOS DO MARANHAO,,BANCADA-MA
4,BANCADA-MG,,,,,BANCADA DE MINAS GERAIS,BANCADA MG,,BANCADA-MG
5,CENTRO GESTOR E OPERACIONAL DO SISTEMA DE PROTECAO DA AMAZONIA,,,,,,CENTRO GESTOR E OPERACIONAL DO SISTEMA DE PROTECAO DA AMAZONIA,,CENTRO GESTOR E OPERACIONAL DO SISTEMA DE PROTECAO DA AMAZONIA
6,EMENDA DE COMISSAO DE FINANCAS E TRIBUTACAO,,,,,,EMENDA DE COMISSAO DE FINANCAS E TRIBUTACAO,,EMENDA DE COMISSAO DE FINANCAS E TRIBUTACAO
7,"MINISTERIO DA CIENCIA, TECNOLOGIA E INOVAÇOES",,,,MCTI,"Ministério da Ciência, Tecnologia e Inovações",INOVACOES E COMUNICACOES,"MINISTERIO DA CIENCIA, TECNOLOGIA, INOVACOES  E COMUNICACOES","MINISTERIO DA CIENCIA, TECNOLOGIA E INOVAÇOES"
8,MINISTERIO DA AGRICULTURA,,,,,MAPA,MINISTERIO DA AGRICULTURA,,MINISTERIO DA AGRICULTURA
9,MINISTERIO DA CIDADANIA,,,,,,MINISTERIO DA CIDADANIA,,MINISTERIO DA CIDADANIA
10,MINISTERIO DA CIENCIA,,,,,,MINISTERIO DA CIENCIA,,MINISTERIO DA CIENCIA
11,MINISTERIO DA EDUCACAO,,,,,,MINISTERIO DA EDUCACAO,,MINISTERIO DA EDUCACAO
12,MINISTERIO DA JUSTICA,,,,,,MINISTERIO DA JUSTICA,,MINISTERIO DA JUSTICA
13,MINISTERIO DA SAUDE,,,,,,MINISTERIO DA SAUDE,,MINISTERIO DA SAUDE
14,PATRIA VOLUNTARIA,,,,,,PATRIA VOLUNTARIA,,PATRIA VOLUNTARIA
15,POLICIA RODOVIARIA FEDERAL,,,,,,POLICIA RODOVIARIA FEDERAL,,POLICIA RODOVIARIA FEDERAL
16,POLICIA RODOVIARIA FEDERAL-AM,,,,,POLICIA RODOVIARIA FEDERAL AM,POLICIA RODOVIARIA FEDERAL-AM,,POLICIA RODOVIARIA FEDERAL-AM
17,TECNOLOGIA,,,,,,TECNOLOGIA,,TECNOLOGIA
18,BANCADA-SP,,,,,,BANCADA DE SAO PAULO,,BANCADA-SP
19,BANCADA-PA,,,,,,BANCADA DO PARA,,BANCADA-PA
20,CENSIPAM,,,,,,CENSIPAM,,CENSIPAM
21,COMISSAO CAMARA,,,,,,COMISSAO CAMARA,,COMISSAO CAMARA
22,POLICIA RODOVIARIA FEDERAL-RO,,,,,,POLICIA RODOVIARIA FEDERAL RO,,POLICIA RODOVIARIA FEDERAL-RO
23,COMISSAO DE ORCAMENTO E FINANCAS,,,,,,COMISSAO DE ORCAMENTO E FINANCAS,,COMISSAO DE ORCAMENTO E FINANCAS
24,MINISTERIO DAS COMUNICACOES (MS),,,,,,MINISTERIO DAS COMUNICACOES (MS),,MINISTERIO DAS COMUNICACOES (MS)
25,MINISTERIO DO MEIO AMBIENTE,,,,,,MINISTERIO DO MEIO AMBIENTE,,MINISTERIO DO MEIO AMBIENTE
26,PRF-AM,,,,,,,PRF-AM,PRF-AM
27,nan,,,,,,,,
28,nan,,,,,,,,
29,nan,,,,,,,,
30,ACIR GURGACZ,RO,PDT,senado,,,,,SEN. ACIR GURGACZ
31,ALESSANDRO VIEIRA,SE,CIDADANIA,senado,,,,,SEN. ALESSANDRO VIEIRA
32,ALVARO DIAS,PR,PODEMOS,senado,,,,,SEN. ALVARO DIAS
33,ANGELO CORONEL,BA,PSD,senado,,,,,SEN. ANGELO CORONEL
34,ANTONIO ANASTASIA,MG,PSD,senado,,,,,SEN. ANTONIO ANASTASIA
35,CARLOS FAVARO,MT,PSD,senado,,,,,SEN. CARLOS FAVARO
36,CARLOS PORTINHO,RJ,PL,senado,,,,,SEN. CARLOS PORTINHO
37,CONFUCIO AIRES MOURA,RO,MDB,senado,SENADOR CONFUCIO MOURA,CONFUCIO MOURA,,,SEN. CONFUCIO AIRES MOURA
38,CARLOS VIANA,MG,PSD,senado,,,,,SEN. CARLOS VIANA
39,CHICO RODRIGUES,RR,DEM,senado,,,,,SEN. CHICO RODRIGUES
40,CHIQUINHO FEITOSA,CE,DEM,senado,,,,,SEN. CHIQUINHO FEITOSA
41,CID GOMES,CE,PDT,senado,,,,,SEN. CID GOMES
42,DANIELLA RIBEIRO,PB,PP,senado,,,,,SEN. DANIELLA RIBEIRO
43,DARIO BERGER,SC,MDB,senado,,,,,SEN. DARIO BERGER
44,DAVI ALCOLUMBRE,AP,DEM,senado,,,,,SEN. DAVI ALCOLUMBRE
45,EDUARDO BRAGA,AM,MDB,senado,,,,,SEN. EDUARDO BRAGA
46,EDUARDO GIRAO,CE,PODEMOS,senado,,,,,SEN. EDUARDO GIRAO
47,EDUARDO GOMES,TO,MDB,senado,,,,,SEN. EDUARDO GOMES
48,ELIANE NOGUEIRA,PI,PP,senado,,,,,SEN. ELIANE NOGUEIRA
49,ELIZIANE GAMA,MA,CIDADANIA,senado,,,,,SEN. ELIZIANE GAMA
50,ELMANO FERRER,PI,PP,senado,,,,,SEN. ELMANO FERRER
51,ESPERIDIAO AMIN,SC,PP,senado,,,,,SEN. ESPERIDIAO AMIN
52,FABIANO CONTARATO,ES,REDE,senado,,,,,SEN. FABIANO CONTARATO
53,FERNANDO BEZERRA COELHO,PE,MDB,senado,,,,,SEN. FERNANDO BEZERRA COELHO
54,FERNANDO COLLOR,AL,PROS,senado,,,,,SEN. FERNANDO COLLOR
55,FLAVIO ARNS,PR,PODEMOS,senado,,,,,SEN. FLAVIO ARNS
56,FLAVIO BOLSONARO,RJ,PL,senado,,,,,SEN. FLAVIO BOLSONARO
57,GIORDANO,SP,MDB,senado,,,,,SEN. GIORDANO
58,HUMBERTO COSTA,PE,PT,senado,,,,,SEN. HUMBERTO COSTA
59,IRAJA,TO,PSD,senado,,,,,SEN. IRAJA
60,IZALCI LUCAS,DF,PSDB,senado,,,,,SEN. IZALCI LUCAS
61,JADER BARBALHO,PA,MDB,senado,,,,,SEN. JADER BARBALHO
62,JAQUES WAGNER,BA,PT,senado,,,,,SEN. JAQUES WAGNER
63,JARBAS VASCONCELOS,PE,MDB,senado,,,,,SEN. JARBAS VASCONCELOS
64,JAYME CAMPOS,MT,DEM,senado,,,,,SEN. JAYME CAMPOS
65,JEAN PAUL PRATES,RN,PT,senado,,,,,SEN. JEAN PAUL PRATES
66,JORGE KAJURU,GO,PODEMOS,senado,,,,,SEN. JORGE KAJURU
67,JORGINHO MELLO,SC,PL,senado,,,,,SEN. JORGINHO MELLO
68,JOSE ANIBAL,SP,PSDB,senado,,,,,SEN. JOSE ANIBAL
69,KATIA ABREU,TO,PP,senado,,,,,SEN. KATIA ABREU
70,LASIER MARTINS,RS,PODEMOS,senado,,,,,SEN. LASIER MARTINS
71,LEILA BARROS,DF,CIDADANIA,senado,,,,,SEN. LEILA BARROS
72,LUCAS BARRETO,AP,PSD,senado,,,,,SEN. LUCAS BARRETO
73,LUIS CARLOS HEINZE,RS,PP,senado,,,,,SEN. LUIS CARLOS HEINZE
74,LUIZ DO CARMO,GO,MDB,senado,,,,,SEN. LUIZ DO CARMO
75,MAILZA GOMES,AC,PP,senado,,,,,SEN. MAILZA GOMES
76,MARA GABRILLI,SP,PSDB,senado,,,,,SEN. MARA GABRILLI
77,MARCELO CASTRO,PI,MDB,senado,,,,,SEN. MARCELO CASTRO
78,MARCIO BITTAR,AC,PSL,senado,,,,,SEN. MARCIO BITTAR
79,MARCOS DO VAL,ES,PODEMOS,senado,,,,,SEN. MARCOS DO VAL
80,MARCOS ROGERIO,RO,DEM,senado,,,,,SEN. MARCOS ROGERIO
81,MARIA DO CARMO ALVES,SE,DEM,senado,,,,,SEN. MARIA DO CARMO ALVES
82,MARIA ELIZA,RO,MDB,senado,,,,,SEN. MARIA ELIZA
83,MECIAS DE JESUS,RR,REPUBLICANOS,senado,,,,,SEN. MECIAS DE JESUS
84,NELSINHO TRAD FILHO,MS,PSD,senado,,,,,SEN. NELSINHO TRAD FILHO
85,NILDA GONDIM,PB,MDB,senado,,,,,SEN. NILDA GONDIM
86,OMAR AZIZ,AM,PSD,senado,,,,,SEN. OMAR AZIZ
87,ORIOVISTO GUIMARAES,PR,PODEMOS,senado,,,,,SEN. ORIOVISTO GUIMARAES
88,OTTO ALENCAR,BA,PSD,senado,,,,,SEN. OTTO ALENCAR
89,PAULO PAIM,RS,PT,senado,,,,,SEN. PAULO PAIM
90,PAULO ROCHA,PA,PT,senado,,,,,SEN. PAULO ROCHA
91,PLINIO VALERIO,AM,PSDB,senado,,,,,SEN. PLINIO VALERIO
92,RANDOLFE RODRIGUES,AP,REDE,senado,,,,,SEN. RANDOLFE RODRIGUES
93,REGUFFE,DF,PODEMOS,senado,,,,,SEN. REGUFFE
94,RENAN CALHEIROS,AL,MDB,senado,,,,,SEN. RENAN CALHEIROS
95,ROBERTO ROCHA,MA,PSDB,senado,,,,,SEN. ROBERTO ROCHA
96,RODRIGO SANTOS CUNHA,AL,PSDB,senado,RODRIGO CUNHA,,,,SEN. RODRIGO SANTOS CUNHA
97,RODRIGO PACHECO,MG,PSD,senado,,,,,SEN. RODRIGO PACHECO
98,ROGERIO CARVALHO,SE,PT,senado,,,,,SEN. ROGERIO CARVALHO
99,ROMARIO,RJ,PL,senado,,,,,SEN. ROMARIO
100,ROSE DE FREITAS,ES,MDB,senado,,,,,SEN. ROSE DE FREITAS
101,SERGIO PETECAO,AC,PSD,senado,SERGIO PETECAO,,,,SEN. SERGIO PETECAO
102,SIMONE TEBET,MS,MDB,senado,,,,,SEN. SIMONE TEBET
103,SORAYA THRONICKE,MS,PSL,senado,SORAYA THRONICKE,,,,SEN. SORAYA THRONICKE
104,STYVENSON VALENTIM,RN,PODEMOS,senado,,,,,SEN. STYVENSON VALENTIM
105,TELMARIO MOTA,RR,PROS,senado,,,,,SEN. TELMARIO MOTA
106,VANDERLAN CARDOSO,GO,PSD,senado,,,,,SEN. VANDERLAN CARDOSO
107,VENEZIANO VITAL DO REGO,PB,MDB,senado,,,,,SEN. VENEZIANO VITAL DO REGO
108,WELLINGTON FAGUNDES,MT,PL,senado,,,,,SEN. WELLINGTON FAGUNDES
109,WEVERTON,MA,PDT,senado,,,,,SEN. WEVERTON
110,ZENAIDE MAIA,RN,PROS,senado,,,,,SEN. ZENAIDE MAIA
111,ZEQUINHA MARINHO,PA,PSC,senado,,,,,SEN. ZEQUINHA MARINHO
112,JOSE ABILIO SILVA DE SANTANA,BA,PL,camara,,,,,DEP. JOSE ABILIO SILVA DE SANTANA
113,PAULO SERGIO ABOU ANNI,SP,PSL,camara,,,,,DEP. PAULO SERGIO ABOU ANNI
114,FLAVIA CAROLINA PERES,DF,PL,camara,FLAVIA ARRUDA,,,,DEP. FLAVIA CAROLINA PERES
115,ACACIO DA SILVA FAVACHO NETO,AP,PROS,camara,,,,,DEP. ACACIO DA SILVA FAVACHO NETO
116,ADOLFO VIANA DE CASTRO NETO,BA,PSDB,camara,,,,,DEP. ADOLFO VIANA DE CASTRO NETO
117,ADRIANA MIGUEL VENTURA,SP,NOVO,camara,,,,,DEP. ADRIANA MIGUEL VENTURA
118,ADRIANO ANTONIO AVELAR,GO,PP,camara,,,,,DEP. ADRIANO ANTONIO AVELAR
119,AECIO NEVES DA CUNHA,MG,PSDB,camara,,,,,DEP. AECIO NEVES DA CUNHA
120,AELTON JOSE DE FREITAS,MG,PL,camara,,,,,DEP. AELTON JOSE DE FREITAS
121,AFONSO BANDEIRA FLORENCE,BA,PT,camara,,,,,DEP. AFONSO BANDEIRA FLORENCE
122,JOSE ALFONSO EBERT HAMM,RS,PP,camara,,,,,DEP. JOSE ALFONSO EBERT HAMM
123,AFONSO ANTUNES DA MOTTA,RS,PDT,camara,,,,,DEP. AFONSO ANTUNES DA MOTTA
124,AGUINALDO VELLOSO BORGES RIBEIRO,PB,PP,camara,,,,,DEP. AGUINALDO VELLOSO BORGES RIBEIRO
125,AIRTON LUIZ FALEIRO,PA,PT,camara,,,,,DEP. AIRTON LUIZ FALEIRO
126,ANTONIO JOSE AGUIAR ALBUQUERQUE,CE,PP,camara,,,,,DEP. ANTONIO JOSE AGUIAR ALBUQUERQUE
127,ALAN RICK MIRANDA,AC,DEM,camara,,,,,DEP. ALAN RICK MIRANDA
128,ALCEU MOREIRA DA SILVA,RS,MDB,camara,,,,,DEP. ALCEU MOREIRA DA SILVA
129,ALCIDES RODRIGUES FILHO,GO,PATRIOTA,camara,,,,,DEP. ALCIDES RODRIGUES FILHO
130,ALESSANDRA DA SILVA,MG,PSL,camara,,,,,DEP. ALESSANDRA DA SILVA
131,ALENCAR SANTANA BRAGA,SP,PT,camara,,,,,DEP. ALENCAR SANTANA BRAGA
132,ALESSANDRO LUCCIOLA MOLON,RJ,PSB,camara,,,,,DEP. ALESSANDRO LUCCIOLA MOLON
133,ALEX SPINELLI MANENTE,SP,CIDADANIA,camara,,,,,DEP. ALEX SPINELLI MANENTE
134,ALEX MARCO SANTANA SOUSA,BA,PDT,camara,,,,,DEP. ALEX MARCO SANTANA SOUSA
135,ALEXANDRE FROTA DE ANDRADE,SP,PSDB,camara,,,,,DEP. ALEXANDRE FROTA DE ANDRADE
136,ALEXANDRE LEITE DA SILVA,SP,DEM,camara,,,,,DEP. ALEXANDRE LEITE DA SILVA
137,ALEXANDRE ROCHA SANTOS PADILHA,SP,PT,camara,,,,,DEP. ALEXANDRE ROCHA SANTOS PADILHA
138,ALEXIS JOSEPH STEVERLYNCK FONTEYNE,SP,NOVO,camara,,,,,DEP. ALEXIS JOSEPH STEVERLYNCK FONTEYNE
139,ALICE MAZZUCO PORTUGAL,BA,PCdoB,camara,,,ALICE PORTUGAL,,DEP. ALICE MAZZUCO PORTUGAL
140,ALIEL MACHADO BARK,PR,PSB,camara,,,,,DEP. ALIEL MACHADO BARK
141,ALINE PARANHOS VARONIL GURGEL,AP,REPUBLICANOS,camara,,,,,DEP. ALINE PARANHOS VARONIL GURGEL
142,ALINE SLEUTJES,PR,PSL,camara,ALINE SLEUTJES,,,,DEP. ALINE SLEUTJES
143,ALTINEU CORTES FREITAS COUTINHO,RJ,PL,camara,,,,,DEP. ALTINEU CORTES FREITAS COUTINHO
144,ALUISIO GUIMARAES MENDES FILHO,MA,PSC,camara,,,,,DEP. ALUISIO GUIMARAES MENDES FILHO
145,AMARO ROCHA NASCIMENTO NETO,ES,REPUBLICANOS,camara,,,,,DEP. AMARO ROCHA NASCIMENTO NETO
146,ANDRE DOS SANTOS ABDON,AP,PP,camara,,,,,DEP. ANDRE DOS SANTOS ABDON
147,ANDRE CARLOS ALVES DE PAULA FILHO,PE,PSD,camara,,,,,DEP. ANDRE CARLOS ALVES DE PAULA FILHO
148,ANDRE FERREIRA RODRIGUES,PE,PSC,camara,,,,,DEP. ANDRE FERREIRA RODRIGUES
149,ANDRE PEIXOTO FIGUEIREDO LIMA,CE,PDT,camara,,,,,DEP. ANDRE PEIXOTO FIGUEIREDO LIMA
150,ANDRE LUIZ CARVALHO RIBEIRO,MA,PP,camara,,,,,DEP. ANDRE LUIZ CARVALHO RIBEIRO
151,ANDRE LUIS GASPAR JANONES,MG,AVANTE,camara,,,,,DEP. ANDRE LUIS GASPAR JANONES
152,ANGELA REGINA HEINZEN AMIN HELOU,SC,PP,camara,,,,,DEP. ANGELA REGINA HEINZEN AMIN HELOU
153,ANTONIO LUIZ PARANHOS RIBEIRO LEITE DE BRITO,BA,PSD,camara,,,,,DEP. ANTONIO LUIZ PARANHOS RIBEIRO LEITE DE BRITO
154,ARLINDO CHIGNALIA JUNIOR,SP,PT,camara,,,,,DEP. ARLINDO CHIGNALIA JUNIOR
155,ARNALDO CALIL PEREIRA JARDIM,SP,CIDADANIA,camara,,,,,DEP. ARNALDO CALIL PEREIRA JARDIM
156,JOSE AROLDO SOUZA MARTINS,PR,REPUBLICANOS,camara,,,,,DEP. JOSE AROLDO SOUZA MARTINS
157,ARTHUR CESAR PEREIRA DE LIRA,AL,PP,camara,,,,,DEP. ARTHUR CESAR PEREIRA DE LIRA
158,ARTHUR DE OLIVEIRA MAIA DA SILVA,BA,DEM,camara,,,,,DEP. ARTHUR DE OLIVEIRA MAIA DA SILVA
159,ATILA SIDNEY LINS ALBUQUERQUE,AM,PP,camara,,,,,DEP. ATILA SIDNEY LINS ALBUQUERQUE
160,ATILA FREITAS LIRA,PI,PP,camara,,,,,DEP. ATILA FREITAS LIRA
161,AUGUSTO RODRIGUES COUTINHO DE MELO,PE,SOLIDARIEDADE,camara,,,,,DEP. AUGUSTO RODRIGUES COUTINHO DE MELO
162,AUREA CAROLINA DE FREITAS E SILVA,MG,PSOL,camara,,,,,DEP. AUREA CAROLINA DE FREITAS E SILVA
163,AUREO LIDIO MOREIRA RIBEIRO,RJ,SOLIDARIEDADE,camara,,,,,DEP. AUREO LIDIO MOREIRA RIBEIRO
164,JOAO CARLOS BACELAR BATISTA,BA,PODE,camara,,,,,DEP. JOAO CARLOS BACELAR BATISTA
165,LUIZ FELIPE BALEIA TENUTO ROSSI,SP,MDB,camara,,,,,DEP. LUIZ FELIPE BALEIA TENUTO ROSSI
166,BENEDITA SOUZA DA SILVA SAMPAIO,RJ,PT,camara,,,,,DEP. BENEDITA SOUZA DA SILVA SAMPAIO
167,LUIZ BENES LEOCADIO DE ARAUJO,RN,REPUBLICANOS,camara,,,,,DEP. LUIZ BENES LEOCADIO DE ARAUJO
168,JOSE ROBERTO OLIVEIRA FARO,PA,PT,camara,,,,,DEP. JOSE ROBERTO OLIVEIRA FARO
169,HUMBERTO REZENDE PEREIRA,MS,PSDB,camara,,,,,DEP. HUMBERTO REZENDE PEREIRA
170,CARLOS ALBERTO DE SOUSA ROSADO SEGUNDO,RN,PP,camara,,,,,DEP. CARLOS ALBERTO DE SOUSA ROSADO SEGUNDO
171,BEATRIZ ROSALIA RIBEIRO CAVASSA DE OLIVEIRA,MS,PSDB,camara,,,,,DEP. BEATRIZ ROSALIA RIBEIRO CAVASSA DE OLIVEIRA
172,BEATRIZ KICIS TORRENTS DE SORDI,DF,PSL,camara,,,,,DEP. BEATRIZ KICIS TORRENTS DE SORDI
173,ALCIBIO MESQUITA BIBO NUNES,RS,PSL,camara,,,,,DEP. ALCIBIO MESQUITA BIBO NUNES
174,OLAVO BILAC PINTO NETO,MG,DEM,camara,,,,,DEP. OLAVO BILAC PINTO NETO
175,UBIRAJARA DO PINDARE ALMEIDA SOUSA,MA,PSB,camara,,,,,DEP. UBIRAJARA DO PINDARE ALMEIDA SOUSA
176,ELVINO JOSE BOHN GASS,RS,PT,camara,,,,,DEP. ELVINO JOSE BOHN GASS
177,JOAO BOSCO DA COSTA,SE,PL,camara,,,,,DEP. JOAO BOSCO DA COSTA
178,JOAO BOSCO GOMES SARAIVA,AM,SOLIDARIEDADE,camara,,,,,DEP. JOAO BOSCO GOMES SARAIVA
179,NICOLINO BOZZELLA JUNIOR,SP,PSL,camara,,,,,DEP. NICOLINO BOZZELLA JUNIOR
180,BRUNA DIAS FURLAN,SP,PSDB,camara,,,,,DEP. BRUNA DIAS FURLAN
181,CARLOS FELIPE VAZQUEZ DE SOUZA LEAO,BA,PP,camara,,,,,DEP. CARLOS FELIPE VAZQUEZ DE SOUZA LEAO
182,CARLOS CAMILO GOES CAPIBERIBE,AP,PSB,camara,,,,,DEP. CARLOS CAMILO GOES CAPIBERIBE
183,ALBERTO BARROS CAVALCANTE NETO,AM,REPUBLICANOS,camara,,,,,DEP. ALBERTO BARROS CAVALCANTE NETO
184,JOSE AUGUSTO ROSA,SP,PL,camara,,,,,DEP. JOSE AUGUSTO ROSA
185,FABIO ABREU COSTA,PI,PL,camara,,,,,DEP. FABIO ABREU COSTA
186,WAGNER SOUSA GOMES,CE,PROS,camara,,,,,DEP. WAGNER SOUSA GOMES
187,HILKEA CARLA DE SOUZA MEDEIROS LIMA,RN,PROS,camara,,,,,DEP. HILKEA CARLA DE SOUZA MEDEIROS LIMA
188,CARLA ZAMBELLI SALGADO DE OLIVEIRA,SP,PSL,camara,,,,,DEP. CARLA ZAMBELLI SALGADO DE OLIVEIRA
189,CARLOS GOMES BEZERRA,MT,MDB,camara,,,,,DEP. CARLOS GOMES BEZERRA
190,CARLOS ALBERTO CHIODINI,SC,MDB,camara,,,,,DEP. CARLOS ALBERTO CHIODINI
191,ANTONIO CARLOS GOMES DA SILVA,RS,REPUBLICANOS,camara,,,,,DEP. ANTONIO CARLOS GOMES DA SILVA
192,CARLOS HENRIQUE AMORIM,TO,DEM,camara,,,,,DEP. CARLOS HENRIQUE AMORIM
193,CARLOS ROBERTO COELHO DE MATTOS JUNIOR,RJ,PSL,camara,,,,,DEP. CARLOS ROBERTO COELHO DE MATTOS JUNIOR
194,CARLOS HENRIQUE FOCESI SAMPAIO,SP,PSDB,camara,,,,,DEP. CARLOS HENRIQUE FOCESI SAMPAIO
195,JOSE CARLOS VERAS DOS SANTOS,PE,PT,camara,,,,,DEP. JOSE CARLOS VERAS DOS SANTOS
196,CARLOS ALBERTO ROLIM ZARATTINI,SP,PT,camara,,,,,DEP. CARLOS ALBERTO ROLIM ZARATTINI
197,CARMEN EMILIA BONFA ZANOTTO,SC,CIDADANIA,camara,,,,,DEP. CARMEN EMILIA BONFA ZANOTTO
198,CAROLINE RODRIGUES DE TONI,SC,PSL,camara,,,,,DEP. CAROLINE RODRIGUES DE TONI
199,CASSIO COELHO ANDRADE,PA,PSB,camara,,,,,DEP. CASSIO COELHO ANDRADE
200,CELINA LEAO HIZIM FERREIRA,DF,PP,camara,,,,,DEP. CELINA LEAO HIZIM FERREIRA
201,CELIO ALVES DE MOURA,TO,PT,camara,,,,,DEP. CELIO ALVES DE MOURA
202,CELIO ANTONIO DA SILVEIRA,GO,PSDB,camara,,,,,DEP. CELIO ANTONIO DA SILVEIRA
203,CELIO STUDART BARBOSA,CE,PV,camara,,,,,DEP. CELIO STUDART BARBOSA
204,CELSO MALDANER,SC,MDB,camara,,,,,DEP. CELSO MALDANER
205,CELSO UBIRAJARA RUSSOMANNO,SP,REPUBLICANOS,camara,,,,,DEP. CELSO UBIRAJARA RUSSOMANNO
206,CELSO SABINO DE OLIVEIRA,PA,PSL,camara,,CELSO SABINO,,,DEP. CELSO SABINO DE OLIVEIRA
207,ANTONIO CEZAR CORREIA FREIRE,SP,PSD,camara,,,,,DEP. ANTONIO CEZAR CORREIA FREIRE
208,CHARLES FERNANDES SILVEIRA SANTANA,BA,PSD,camara,,,,,DEP. CHARLES FERNANDES SILVEIRA SANTANA
209,CHARLLES THOMACELLI EVANGELISTA,MG,PSL,camara,,,,,DEP. CHARLLES THOMACELLI EVANGELISTA
210,FRANCISCO JOSE D'ANGELO PINTO,RJ,PDT,camara,,,,,DEP. FRANCISCO JOSE D'ANGELO PINTO
211,JOAO FRANCISCO INACIO BRAZAO,RJ,AVANTE,camara,,,,,DEP. JOAO FRANCISCO INACIO BRAZAO
212,JOAO INACIO RIBEIRO ROMA NETO,PE,REPUBLICANOS,camara,JOAO INÁCIO RIBEIRO ROMA NETO,JOAO ROMA,JOAO INACIO RIBEIRO ROMA NETO,,DEP. JOAO INACIO RIBEIRO ROMA NETO
213,CHRISTINE NOGUEIRA DOS REIS TONIETTO,RJ,PSL,camara,,,,,DEP. CHRISTINE NOGUEIRA DOS REIS TONIETTO
214,CHRISTIANE DE SOUZA YARED,PR,PL,camara,,,,,DEP. CHRISTIANE DE SOUZA YARED
215,CHRISTINO AUREO DA SILVA,RJ,PP,camara,,,,,DEP. CHRISTINO AUREO DA SILVA
216,CLARISSA BARROS ASSED MATHEUS DE OLIVEIRA,RJ,PROS,camara,,,,,DEP. CLARISSA BARROS ASSED MATHEUS DE OLIVEIRA
217,CLAUDIO CAJADO SAMPAIO,BA,PP,camara,,,,,DEP. CLAUDIO CAJADO SAMPAIO
218,CLEBER VERDE CORDEIRO MENDES,MA,REPUBLICANOS,camara,,,,,DEP. CLEBER VERDE CORDEIRO MENDES
219,LUIZ ARMANDO SCHROEDER REIS,SC,PSL,camara,,,,,DEP. LUIZ ARMANDO SCHROEDER REIS
220,JOAO CHRISOSTOMO DE MOURA,RO,PSL,camara,CORONEL CHRISOSTOMO,,,,DEP. JOAO CHRISOSTOMO DE MOURA
221,MARCIO TADEU ANHAIA DE LEMOS,SP,PSL,camara,,,,,DEP. MARCIO TADEU ANHAIA DE LEMOS
222,LUIS ANTONIO FRANCISCATTO COVATTI,RS,PP,camara,,,,,DEP. LUIS ANTONIO FRANCISCATTO COVATTI
223,CRISTIANO DUTRA VALE,PA,PL,camara,,,,,DEP. CRISTIANO DUTRA VALE
224,JOSIAS MARIO DA VITORIA,ES,CIDADANIA,camara,,,,,DEP. JOSIAS MARIO DA VITORIA
225,DAGOBERTO NOGUEIRA FILHO,MS,PDT,camara,,,,,DEP. DAGOBERTO NOGUEIRA FILHO
226,DAMIAO FELICIANO DA SILVA,PB,PDT,camara,,,,,DEP. DAMIAO FELICIANO DA SILVA
227,DANIEL GOMES DE ALMEIDA,BA,PCdoB,camara,,,,,DEP. DANIEL GOMES DE ALMEIDA
228,DANIEL PIRES COELHO,PE,CIDADANIA,camara,,,,,DEP. DANIEL PIRES COELHO
229,DANIEL COSTA DE FREITAS,SC,PSL,camara,,,,,DEP. DANIEL COSTA DE FREITAS
230,DANIEL LUCIO DA SILVEIRA,RJ,PSL,camara,,,,,DEP. DANIEL LUCIO DA SILVEIRA
231,DANIEL TRZECIAK DUARTE,RS,PSDB,camara,,,,,DEP. DANIEL TRZECIAK DUARTE
232,DANIELA MOTE DE SOUZA CARNEIRO,RJ,MDB,camara,,,,,DEP. DANIELA MOTE DE SOUZA CARNEIRO
233,DANILO JORGE DE BARROS CABRAL,PE,PSB,camara,,,,,DEP. DANILO JORGE DE BARROS CABRAL
234,FRANCISCO DANILO BASTOS FORTE,CE,PSDB,camara,,,,,DEP. FRANCISCO DANILO BASTOS FORTE
235,DARCI DE MATOS,SC,PSD,camara,,,,,DEP. DARCI DE MATOS
236,DAVID MICHAEL DOS SANTOS MIRANDA,RJ,PSOL,camara,,,,,DEP. DAVID MICHAEL DOS SANTOS MIRANDA
237,ANTONIO DA LUZ FURTADO,RJ,PSL,camara,,,,,DEP. ANTONIO DA LUZ FURTADO
238,EDER MAURO CARDOSO BARRA,PA,PSD,camara,,,,,DEP. EDER MAURO CARDOSO BARRA
239,MARCELO EDUARDO FREITAS,MG,PSL,camara,,,,,DEP. MARCELO EDUARDO FREITAS
240,PABLO OLIVA SOUZA,AM,PSL,camara,,,,,DEP. PABLO OLIVA SOUZA
241,WALDIR SOARES DE OLIVEIRA,GO,PSL,camara,,,,,DEP. WALDIR SOARES DE OLIVEIRA
242,DENIS ANDERSON DA ROCHA BEZERRA,CE,PSB,camara,,,,,DEP. DENIS ANDERSON DA ROCHA BEZERRA
243,DIEGO LEONARDO DE ANDRADE CARVALHO,MG,PSD,camara,,,,,DEP. DIEGO LEONARDO DE ANDRADE CARVALHO
244,DIEGO ALEXSANDER GONCALO PAULA GARCIA,PR,PODE,camara,,,,,DEP. DIEGO ALEXSANDER GONCALO PAULA GARCIA
245,DIMAS FABIANO TOLEDO JUNIOR,MG,PP,camara,DIMAS FABIANO,,,,DEP. DIMAS FABIANO TOLEDO JUNIOR
246,DOMINGOS GOMES DE AGUIAR NETO,CE,PSD,camara,,,,,DEP. DOMINGOS GOMES DE AGUIAR NETO
247,DOMINGOS SAVIO CAMPOS RESENDE,MG,PSDB,camara,,,,,DEP. DOMINGOS SAVIO CAMPOS RESENDE
248,FREDERICO DE CASTRO ESCALEIRA,MG,PATRIOTA,camara,,,,,DEP. FREDERICO DE CASTRO ESCALEIRA
249,JAZIEL PEREIRA DE SOUSA,CE,PL,camara,,,,,DEP. JAZIEL PEREIRA DE SOUSA
250,LEONARDO RIBEIRO ALBUQUERQUE,MT,SOLIDARIEDADE,camara,,,,,DEP. LEONARDO RIBEIRO ALBUQUERQUE
251,LUIZ ANTONIO DE SOUZA TEIXEIRA JUNIOR,RJ,PP,camara,,,,,DEP. LUIZ ANTONIO DE SOUZA TEIXEIRA JUNIOR
252,LUIZ ALBERTO OVANDO,MS,PSL,camara,,,,,DEP. LUIZ ALBERTO OVANDO
253,ZACARIAS CALIL HAMU,GO,DEM,camara,,,,,DEP. ZACARIAS CALIL HAMU
254,SORAYA DE SOUZA MANNATO,ES,PSL,camara,,,,,DEP. SORAYA DE SOUZA MANNATO
255,VANDA DENIR MILANI NOGUEIRA,AC,SOLIDARIEDADE,camara,,,,,DEP. VANDA DENIR MILANI NOGUEIRA
256,DULCE FERREIRA PAGANI MIRANDA,TO,MDB,camara,,,,,DEP. DULCE FERREIRA PAGANI MIRANDA
257,EDILAZIO GOMES DA SILVA JUNIOR,MA,PSD,camara,,,,,DEP. EDILAZIO GOMES DA SILVA JUNIOR
258,EDIO VIEIRA LOPES,RR,PL,camara,,,,,DEP. EDIO VIEIRA LOPES
259,EDNACE ALVES SILVESTRE HENRIQUE,PB,PSDB,camara,EDNA HENRIQUE,,,,DEP. EDNACE ALVES SILVESTRE HENRIQUE
260,EDUARDO LUIZ BARROS BARBOSA,MG,PSDB,camara,,,,,DEP. EDUARDO LUIZ BARROS BARBOSA
261,EDUARDO HENRIQUE MAIA BISMARCK,CE,PDT,camara,,,,,DEP. EDUARDO HENRIQUE MAIA BISMARCK
262,EDUARDO NANTES BOLSONARO,SP,PSL,camara,,,,,DEP. EDUARDO NANTES BOLSONARO
263,JOSE EDUARDO PEREIRA DA COSTA,PA,PTB,camara,,,,,DEP. JOSE EDUARDO PEREIRA DA COSTA
264,EDUARDO PEDROSA CURY,SP,PSDB,camara,,,,,DEP. EDUARDO PEDROSA CURY
265,EDUARDO HENRIQUE DA FONTE DE ALBUQUERQUE SILVA,PE,PP,camara,,,,,DEP. EDUARDO HENRIQUE DA FONTE DE ALBUQUERQUE SILVA
266,EFRAIM DE ARAUJO MORAIS FILHO,PB,DEM,camara,,,,,DEP. EFRAIM DE ARAUJO MORAIS FILHO
267,ELCIONE THEREZINHA ZAHLUTH BARBALHO,PA,MDB,camara,,,,,DEP. ELCIONE THEREZINHA ZAHLUTH BARBALHO
268,ELI DIAS BORGES,TO,SOLIDARIEDADE,camara,,,,,DEP. ELI DIAS BORGES
269,ADRIANO ELI CORREA,SP,DEM,camara,,,,,DEP. ADRIANO ELI CORREA
270,ELIAS VAZ DE ANDRADE,GO,PSB,camara,,,ELIAS VAZ,,DEP. ELIAS VAZ DE ANDRADE
271,ELMAR JOSE VIEIRA NASCIMENTO,BA,DEM,camara,,,,,DEP. ELMAR JOSE VIEIRA NASCIMENTO
272,ELIANE DE SOUSA ALVES MACHADO,SP,REPUBLICANOS,camara,,,,,DEP. ELIANE DE SOUSA ALVES MACHADO
273,EMANUEL PINHEIRO DA SILVA PRIMO,MT,PTB,camara,,,,,DEP. EMANUEL PINHEIRO DA SILVA PRIMO
274,EMIDIO ALVES MADEIRA JUNIOR,MG,PSB,camara,,,,,DEP. EMIDIO ALVES MADEIRA JUNIOR
275,ENIO JOSE VERRI,PR,PT,camara,,,,,DEP. ENIO JOSE VERRI
276,ENRICO VAN BLARCUM DE GRAAFF MISASI,SP,PV,camara,,,,,DEP. ENRICO VAN BLARCUM DE GRAAFF MISASI
277,ERIKA JUCA KOKAY,DF,PT,camara,,,,,DEP. ERIKA JUCA KOKAY
278,EROS FERREIRA BIONDINI,MG,PROS,camara,,,,,DEP. EROS FERREIRA BIONDINI
279,EUCLYDES MARCOS PETTERSEN NETO,MG,PSC,camara,,,,,DEP. EUCLYDES MARCOS PETTERSEN NETO
280,EVAIR VIEIRA DE MELO,ES,PP,camara,EVAIR DE MELO,,,,DEP. EVAIR VIEIRA DE MELO
281,EXPEDITO GONCALVES FERREIRA NETTO,RO,PSD,camara,EXPEDITO GONCALVES FERREIRA NETO,EXPEDITO NETTO,,,DEP. EXPEDITO GONCALVES FERREIRA NETTO
282,FABIO HENRIQUE SANTANA DE CARVALHO,SE,PDT,camara,,,,,DEP. FABIO HENRIQUE SANTANA DE CARVALHO
283,FABIO CRUZ MITIDIERI,SE,PSD,camara,,,,,DEP. FABIO CRUZ MITIDIERI
284,FABIO AUGUSTO RAMALHO DOS SANTOS,MG,MDB,camara,,,,,DEP. FABIO AUGUSTO RAMALHO DOS SANTOS
285,FABIO DE ALMEIDA REIS,SE,MDB,camara,FABIO REIS,,,,DEP. FABIO DE ALMEIDA REIS
286,FABIO LUIZ SCHIOCHET FILHO,SC,PSL,camara,,,,,DEP. FABIO LUIZ SCHIOCHET FILHO
287,FABIO RICARDO TRAD,MS,PSD,camara,,,,,DEP. FABIO RICARDO TRAD
288,FAUSTO RUY PINATO,SP,PP,camara,,,,,DEP. FAUSTO RUY PINATO
289,FELICIO LATERCA DE ALMEIDA,RJ,PSL,camara,,,,,DEP. FELICIO LATERCA DE ALMEIDA
290,FELIPE AUGUSTO LYRA CARRERAS,PE,PSB,camara,,,,,DEP. FELIPE AUGUSTO LYRA CARRERAS
291,LUIS FELIPE BONATTO FRANCISCHINI,PR,PSL,camara,,,,,DEP. LUIS FELIPE BONATTO FRANCISCHINI
292,FELIPE RIGONI LOPES,ES,PSB,camara,,,,,DEP. FELIPE RIGONI LOPES
293,FELIX DE ALMEIDA MENDONCA JUNIOR,BA,PDT,camara,,,,,DEP. FELIX DE ALMEIDA MENDONCA JUNIOR
294,FERNANDA MELCHIONNA E SILVA,RS,PSOL,camara,,,,,DEP. FERNANDA MELCHIONNA E SILVA
295,FERNANDO BEZERRA DE SOUZA COELHO FILHO,PE,DEM,camara,,,,,DEP. FERNANDO BEZERRA DE SOUZA COELHO FILHO
296,FERNANDO MONTEIRO DE ALBUQUERQUE,PE,PP,camara,,,,,DEP. FERNANDO MONTEIRO DE ALBUQUERQUE
297,FERNANDO RODOLFO TENORIO DE VASCONCELOS,PE,PL,camara,,,,,DEP. FERNANDO RODOLFO TENORIO DE VASCONCELOS
298,FILIPE BARROS BAPTISTA DE TOLEDO RIBEIRO,PR,PSL,camara,,,,,DEP. FILIPE BARROS BAPTISTA DE TOLEDO RIBEIRO
299,FLAVIA CARREIRO ALBUQUERQUE MORAIS,GO,PDT,camara,,,,,DEP. FLAVIA CARREIRO ALBUQUERQUE MORAIS
300,FLAVIANO FLAVIO BAPTISTA DE MELO,AC,MDB,camara,FLAVIANO MELO,,,,DEP. FLAVIANO FLAVIO BAPTISTA DE MELO
301,FLAVIO RODRIGUES NOGUEIRA,PI,PDT,camara,,,,,DEP. FLAVIO RODRIGUES NOGUEIRA
302,FRANCISCO RODRIGUES VALE JUNIOR,GO,PSD,camara,,,,,DEP. FRANCISCO RODRIGUES VALE JUNIOR
303,FRANCO CARTAFINA GOMES,MG,PP,camara,,,,,DEP. FRANCO CARTAFINA GOMES
304,FREDERICO BORGES DA COSTA,MG,PATRIOTA,camara,,,,,DEP. FREDERICO BORGES DA COSTA
305,ANTONIO RIBEIRO,PB,PT,camara,,,,,DEP. ANTONIO RIBEIRO
306,GASTAO DIAS VIEIRA,MA,PROS,camara,,,,,DEP. GASTAO DIAS VIEIRA
307,GELSON DE AZEVEDO ALMEIDA,RJ,PL,camara,,,,,DEP. GELSON DE AZEVEDO ALMEIDA
308,GENECIAS MATEUS NORONHA,CE,SOLIDARIEDADE,camara,,,,,DEP. GENECIAS MATEUS NORONHA
309,ELIESER GIRAO MONTEIRO FILHO,RN,PSL,camara,GENERAL GIRAO,,,,DEP. ELIESER GIRAO MONTEIRO FILHO
310,ROBERTO SEBASTIAO PETERNELLI JUNIOR,SP,PSL,camara,,,,,DEP. ROBERTO SEBASTIAO PETERNELLI JUNIOR
311,EUGENIO JOSE ZULIANI,SP,DEM,camara,,,,,DEP. EUGENIO JOSE ZULIANI
312,GEOVANIA DE SA,SC,PSDB,camara,,,,,DEP. GEOVANIA DE SA
313,GERVASIO AGRIPINO MAIA,PB,PSB,camara,,,,,DEP. GERVASIO AGRIPINO MAIA
314,FERNANDO LUCIO GIACOBO,PR,PL,camara,,,,,DEP. FERNANDO LUCIO GIACOBO
315,GILLIANO FRED NASCIMENTO CUTRIM,MA,REPUBLICANOS,camara,,,,,DEP. GILLIANO FRED NASCIMENTO CUTRIM
316,GILBERTO APARECIDO ABRAMO,MG,REPUBLICANOS,camara,,,,,DEP. GILBERTO APARECIDO ABRAMO
317,GILBERTO NASCIMENTO SILVA,SP,PSC,camara,,,,,DEP. GILBERTO NASCIMENTO SILVA
318,GILSON MARQUES VIEIRA,SC,NOVO,camara,,,,,DEP. GILSON MARQUES VIEIRA
319,GIOVANI CHERINI,RS,PL,camara,,,,,DEP. GIOVANI CHERINI
320,GIOVANI BATISTA FELTES,RS,MDB,camara,,,,,DEP. GIOVANI BATISTA FELTES
321,GLAUBER DE MEDEIROS BRAGA,RJ,PSOL,camara,,,,,DEP. GLAUBER DE MEDEIROS BRAGA
322,GLAUSKSTON BATISTA RIOS,GO,PSC,camara,,,,,DEP. GLAUSKSTON BATISTA RIOS
323,GLEISI HELENA HOFFMANN,PR,PT,camara,,,,,DEP. GLEISI HELENA HOFFMANN
324,LUIZ GONZAGA PATRIOTA,PE,PSB,camara,,,,,DEP. LUIZ GONZAGA PATRIOTA
325,GREYCE DE QUEIROZ ELIAS,MG,AVANTE,camara,,,,,DEP. GREYCE DE QUEIROZ ELIAS
326,JOSE GUILHERME NEGRAO PEIXOTO,SP,PSL,camara,,,,,DEP. JOSE GUILHERME NEGRAO PEIXOTO
327,GUILHERME MURARO DERRITE,SP,PP,camara,,,,,DEP. GUILHERME MURARO DERRITE
328,GUILHERME MUSSI FERREIRA,SP,PP,camara,,,,,DEP. GUILHERME MUSSI FERREIRA
329,JOAO CARLOS SOARES GURGEL,RJ,PSL,camara,,,,,DEP. JOAO CARLOS SOARES GURGEL
330,VICENTE ALVES DE OLIVEIRA JUNIOR,PL,TO,camara,VICENTINHO JUNIOR,,,,DEP. VICENTE ALVES DE OLIVEIRA JUNIOR
331,GUSTAVO BONATO FRUET,PR,PDT,camara,,,,,DEP. GUSTAVO BONATO FRUET
332,LUIZ AUGUSTO CARVALHO RIBEIRO FILHO,SE,SOLIDARIEDADE,camara,,,,,DEP. LUIZ AUGUSTO CARVALHO RIBEIRO FILHO
333,GUTEMBERG REIS DE OLIVEIRA,RJ,MDB,camara,,,,,DEP. GUTEMBERG REIS DE OLIVEIRA
334,HAROLDO ALVES CAMPOS,RR,PSD,camara,,,,,DEP. HAROLDO ALVES CAMPOS
335,HEITOR RODRIGO PEREIRA FREIRE,CE,PSL,camara,,,,,DEP. HEITOR RODRIGO PEREIRA FREIRE
336,HEITOR JOSE SCHUCH,RS,PSB,camara,,,,,DEP. HEITOR JOSE SCHUCH
337,HELDER IGNACIO SALOMAO,ES,PT,camara,,,,,DEP. HELDER IGNACIO SALOMAO
338,HELIO FRANCISCO DA COSTA,SC,REPUBLICANOS,camara,,,,,DEP. HELIO FRANCISCO DA COSTA
339,HELIO LEITE DA SILVA,PA,DEM,camara,,,,,DEP. HELIO LEITE DA SILVA
340,HELIO FERNANDO BARBOSA LOPES,RJ,PSL,camara,,,,,DEP. HELIO FERNANDO BARBOSA LOPES
341,HENRIQUE FONTANA JUNIOR,RS,PT,camara,,,,,DEP. HENRIQUE FONTANA JUNIOR
342,HERCILIO ARAUJO DINIZ FILHO,MG,MDB,camara,,,,,DEP. HERCILIO ARAUJO DINIZ FILHO
343,HERCULANO CASTILHO PASSOS JUNIOR,SP,MDB,camara,,,,,DEP. HERCULANO CASTILHO PASSOS JUNIOR
344,HERMES PARCIANELLO,PR,MDB,camara,,,,,DEP. HERMES PARCIANELLO
345,HILDO AUGUSTO DA ROCHA NETO,MA,MDB,camara,,,,,DEP. HILDO AUGUSTO DA ROCHA NETO
346,HIRAN MANUEL GONCALVES DA SILVA,RR,PP,camara,,,,,DEP. HIRAN MANUEL GONCALVES DA SILVA
347,MANUEL MARCOS CARVALHO DE MESQUITA,AC,REPUBLICANOS,camara,MANUEL MARCOS,,,,DEP. MANUEL MARCOS CARVALHO DE MESQUITA
348,HUGO LEAL MELO DA SILVA,RJ,PSD,camara,,,,,DEP. HUGO LEAL MELO DA SILVA
349,HUGO MOTTA WANDERLEY DA NOBREGA,PB,REPUBLICANOS,camara,,,,,DEP. HUGO MOTTA WANDERLEY DA NOBREGA
350,ANTONIO IDILVAN DE LIMA ALENCAR,CE,PDT,camara,,,,,DEP. ANTONIO IDILVAN DE LIMA ALENCAR
351,ANDERSON MACHADO DE JESUS,BA,DEM,camara,,,,,DEP. ANDERSON MACHADO DE JESUS
352,IGOR TARCIANO TIMO,MG,PODE,camara,,,,,DEP. IGOR TARCIANO TIMO
353,IRACEMA MARIA PORTELLA NUNES NOGUEIRA LIMA,PI,PP,camara,,,,,DEP. IRACEMA MARIA PORTELLA NUNES NOGUEIRA LIMA
354,ISNALDO BULHOES BARROS JUNIOR,AL,MDB,camara,,,,,DEP. ISNALDO BULHOES BARROS JUNIOR
355,IVAN VALENTE,SP,PSOL,camara,,,,,DEP. IVAN VALENTE
356,JANDIRA FEGHALI,RJ,PCdoB,camara,,,,,DEP. JANDIRA FEGHALI
357,DIRLAINE JAQUELINE CASSOL,RO,PP,camara,JAQUELINE CASSOL,,,,DEP. DIRLAINE JAQUELINE CASSOL
358,JEFFERSON ALVES DE CAMPOS,SP,PSB,camara,,,,,DEP. JEFFERSON ALVES DE CAMPOS
359,JERONIMO PIZZOLOTTO GOERGEN,RS,PP,camara,,,,,DEP. JERONIMO PIZZOLOTTO GOERGEN
360,JESSICA ROJAS SALES,AC,MDB,camara,,,,,DEP. JESSICA ROJAS SALES
361,JESUS SERGIO DE MENEZES,AC,PDT,camara,,,,,DEP. JESUS SERGIO DE MENEZES
362,JOHNATHAN PEREIRA DE JESUS,RR,REPUBLICANOS,camara,,,,,DEP. JOHNATHAN PEREIRA DE JESUS
363,JOAO CAMPOS DE ARAUJO,GO,REPUBLICANOS,camara,,,,,DEP. JOAO CAMPOS DE ARAUJO
364,JOAO CARLOS PAOLILO BACELAR FILHO,BA,PL,camara,,,,,DEP. JOAO CARLOS PAOLILO BACELAR FILHO
365,JOAO SOMARIVA DANIEL,SE,PT,camara,JOAO DANIEL,,,,DEP. JOAO SOMARIVA DANIEL
366,JOAO DA SILVA MAIA,RN,PL,camara,,,,,DEP. JOAO DA SILVA MAIA
367,JOAO MARCELO SANTOS SOUZA,MA,MDB,camara,,,,,DEP. JOAO MARCELO SANTOS SOUZA
368,JOAQUIM PASSARINHO PINTO DE SOUZA PORTO,PA,PSD,camara,,,,,DEP. JOAQUIM PASSARINHO PINTO DE SOUZA PORTO
369,JOENIA BATISTA DE CARVALHO,RR,REDE,camara,JOENIA WAPICHANA,JOENIA BATISTA DE CARVALHO,,,DEP. JOENIA BATISTA DE CARVALHO
370,JOICE CRISTINA HASSELMANN,SP,PSL,camara,,,,,DEP. JOICE CRISTINA HASSELMANN
371,JONES BARBOSA DE MOURA,RJ,PSD,camara,,,,,DEP. JONES BARBOSA DE MOURA
372,JORGE BRAZ DE OLIVEIRA,RJ,REPUBLICANOS,camara,,,,,DEP. JORGE BRAZ DE OLIVEIRA
373,JORGE JOSE SANTOS PEREIRA SOLLA,BA,PT,camara,,,,,DEP. JORGE JOSE SANTOS PEREIRA SOLLA
374,JORIELSON BRITO NASCIMENTO,AP,PL,camara,,,,,DEP. JORIELSON BRITO NASCIMENTO
375,JOSE AIRTON FELIX CIRILO DA SILVA,CE,PT,camara,,,,,DEP. JOSE AIRTON FELIX CIRILO DA SILVA
376,JOSE NOBRE GUIMARAES,CE,PT,camara,,,,,DEP. JOSE NOBRE GUIMARAES
377,JOSE MARIO SCHREINER,GO,DEM,camara,,,,,DEP. JOSE MARIO SCHREINER
378,JOSE ANTONIO DOS SANTOS MEDEIROS,MT,PODE,camara,JOSE MEDEIROS,,,,DEP. JOSE ANTONIO DOS SANTOS MEDEIROS
379,JOSE NELTO LAGARES DAS MERCEZ,GO,PODE,camara,,,,,DEP. JOSE NELTO LAGARES DAS MERCEZ
380,JOSE NUNES SOARES,BA,PSD,camara,JOSE NUNES,,,,DEP. JOSE NUNES SOARES
381,JOSE BENITO PRIANTE JUNIOR,PA,MDB,camara,,,,,DEP. JOSE BENITO PRIANTE JUNIOR
382,JOSE RICARDO WENDLING,AM,PT,camara,,,,,DEP. JOSE RICARDO WENDLING
383,JOSE ALVES ROCHA,BA,PL,camara,,,,,DEP. JOSE ALVES ROCHA
384,JOSEILDO RIBEIRO RAMOS,BA,PT,camara,,,,,DEP. JOSEILDO RIBEIRO RAMOS
385,JOSIMAR CUNHA RODRIGUES,MA,PL,camara,,,,,DEP. JOSIMAR CUNHA RODRIGUES
386,JOSIVALDO DOS SANTOS MELO,MA,PODE,camara,JOSIVALDO JP,,,,DEP. JOSIVALDO DOS SANTOS MELO
387,JUAREZ ALVES DA COSTA,MT,MDB,camara,,,,,DEP. JUAREZ ALVES DA COSTA
388,GULLIEM CHARLES BEZERRA LEMOS,PB,PSL,camara,,,,,DEP. GULLIEM CHARLES BEZERRA LEMOS
389,JULIO CESAR DE CARVALHO LIMA,PI,PSD,camara,,,,,DEP. JULIO CESAR DE CARVALHO LIMA
390,JULIO CESAR RIBEIRO,DF,REPUBLICANOS,camara,,,,,DEP. JULIO CESAR RIBEIRO
391,JULIO CESAR DELGADO,MG,PSB,camara,,,,,DEP. JULIO CESAR DELGADO
392,JULIO LUIZ BAPTISTA LOPES,RJ,PP,camara,,,,,DEP. JULIO LUIZ BAPTISTA LOPES
393,ROGERIO TEIXEIRA JUNIOR,RJ,DEM,camara,,,,,DEP. ROGERIO TEIXEIRA JUNIOR
394,GERALDO JUNIO DO AMARAL,MG,PSL,camara,CABO JUNIO AMARAL,JUNIO AMARAL,,,DEP. GERALDO JUNIO DO AMARAL
395,JOAO FERRARI JUNIOR,PA,PSD,camara,,,,,DEP. JOAO FERRARI JUNIOR
396,JOSE LOURENCO BOMFIM JUNIOR,MA,PL,camara,UNOR LOURENCO,JUNOR LOURENCO,JUNIOR LOURENCO,,DEP. JOSE LOURENCO BOMFIM JUNIOR
397,ANTONIO LUIZ RODRIGUES MANO JUNIOR,CE,PL,camara,,,,,DEP. ANTONIO LUIZ RODRIGUES MANO JUNIOR
398,JOSE JUSCELINO DOS SANTOS REZENDE FILHO,MA,DEM,camara,,,,,DEP. JOSE JUSCELINO DOS SANTOS REZENDE FILHO
399,KIM PATROCA KATAGUIRI,SP,DEM,camara,,,,,DEP. KIM PATROCA KATAGUIRI
400,LAERCIO JOSE DE OLIVEIRA,SE,PP,camara,,,,,DEP. LAERCIO JOSE DE OLIVEIRA
401,LAERTE RODRIGUES DE BESSA,DF,PL,camara,,,,,DEP. LAERTE RODRIGUES DE BESSA
402,LAFAYETTE LUIZ DOORGAL DE ANDRADA,MG,REPUBLICANOS,camara,,,,,DEP. LAFAYETTE LUIZ DOORGAL DE ANDRADA
403,LAURIETE RODRIGUES DE JESUS,ES,PSC,camara,,,,,DEP. LAURIETE RODRIGUES DE JESUS
404,LEANDRE DAL PONTE,PR,PV,camara,,,,,DEP. LEANDRE DAL PONTE
405,LEDA MARIA SADALA BRITO,AP,AVANTE,camara,,,,,DEP. LEDA MARIA SADALA BRITO
406,LEONARDO CUNHA DE BRITO,AC,PT,camara,LEO DE BRITO,,,,DEP. LEONARDO CUNHA DE BRITO
407,LEONARDO BARRETO DE MORAES,RO,PODE,camara,,,,,DEP. LEONARDO BARRETO DE MORAES
408,ELIEL MARCIO DO CARMO,MG,PSL,camara,,,,,DEP. ELIEL MARCIO DO CARMO
409,JOSE LEONARDO COSTA MONTEIRO,MG,PT,camara,,,,,DEP. JOSE LEONARDO COSTA MONTEIRO
410,LEONARDO CARNEIRO MONTEIRO PICCIANI,RJ,MDB,camara,,,,,DEP. LEONARDO CARNEIRO MONTEIRO PICCIANI
411,JOSE LEONIDAS DE MENEZES CRISTINO,CE,PDT,camara,,,,,DEP. JOSE LEONIDAS DE MENEZES CRISTINO
412,LEUR ANTONIO DE BRITTO LOMANTO JUNIOR,BA,DEM,camara,LEUR LOMANTO,,,,DEP. LEUR ANTONIO DE BRITTO LOMANTO JUNIOR
413,LIDICE DA MATA E SOUZA,BA,PSB,camara,,,,,DEP. LIDICE DA MATA E SOUZA
414,LINCOLN DINIZ PORTELA,MG,PL,camara,,,,,DEP. LINCOLN DINIZ PORTELA
415,LIZIANE BAYER DA COSTA,RS,PSB,camara,,,,,DEP. LIZIANE BAYER DA COSTA
416,LOESTER CARLOS GOMES DE SOUZA,MS,PSL,camara,,,,,DEP. LOESTER CARLOS GOMES DE SOUZA
417,LOURIVAL GOMES DE ALMEIDA,RJ,PSL,camara,,,,,DEP. LOURIVAL GOMES DE ALMEIDA
418,LUCAS DE VASCONCELOS GONZALEZ,MG,NOVO,camara,,,,,DEP. LUCAS DE VASCONCELOS GONZALEZ
419,LUCAS BELLO REDECKER,RS,PSDB,camara,,,,,DEP. LUCAS BELLO REDECKER
420,LUCAS DE CASTRO SANTOS,GO,SOLIDARIEDADE,camara,,,,,DEP. LUCAS DE CASTRO SANTOS
421,LUCIANO CALDAS BIVAR,PE,PSL,camara,LUCIANO CALDAS BIVAR,LUCIANO BIVAR,,,DEP. LUCIANO CALDAS BIVAR
422,LUCIANO DUCCI,PR,PSB,camara,,,,,DEP. LUCIANO DUCCI
423,LUCIO ANTONIO MOSQUINI,RO,MDB,camara,,,,,DEP. LUCIO ANTONIO MOSQUINI
424,LUIS CLAUDIO FERNANDES MIRANDA,DF,DEM,camara,,,,,DEP. LUIS CLAUDIO FERNANDES MIRANDA
425,LUIS HENRIQUE DE OLIVEIRA RESENDE,MG,AVANTE,camara,LUIS TIBE,,,,DEP. LUIS HENRIQUE DE OLIVEIRA RESENDE
426,LUISA CANZIANI DOS SANTOS SILVEIRA,PR,PTB,camara,,,,,DEP. LUISA CANZIANI DOS SANTOS SILVEIRA
427,LUIZ ANTONIO C. C. CORREA DA SILVA,RJ,PL,camara,,,,,DEP. LUIZ ANTONIO C. C. CORREA DA SILVA
428,LUIZ CARLOS MOTTA,SP,PL,camara,,,,,DEP. LUIZ CARLOS MOTTA
429,LUIZ EDUARDO CARNEIRO DA SILVA DE SOUZA LIMA,RJ,PSL,camara,,,,,DEP. LUIZ EDUARDO CARNEIRO DA SILVA DE SOUZA LIMA
430,LUIZ HILOSHI NISHIMORI,PR,PL,camara,,,,,DEP. LUIZ HILOSHI NISHIMORI
431,LUIZ PHILIPPE DE ORLEANS BRAGANCA,SP,PSL,camara,,,,,DEP. LUIZ PHILIPPE DE ORLEANS BRAGANCA
432,LUIZA ERUNDINA DE SOUSA,SP,PSOL,camara,,,,,DEP. LUIZA ERUNDINA DE SOUSA
433,LUIZ GOULARTE ALVES,PR,REPUBLICANOS,camara,,,,,DEP. LUIZ GOULARTE ALVES
434,LUIZIANNE DE OLIVEIRA LINS,CE,PT,camara,,,,,DEP. LUIZIANNE DE OLIVEIRA LINS
435,MAGDA MOFATTO HON,GO,PL,camara,,,,,DEP. MAGDA MOFATTO HON
436,FABIANA SILVA DE SOUZA POUBEL,RJ,PSL,camara,,,,,DEP. FABIANA SILVA DE SOUZA POUBEL
437,CYLMARA FERNANDES DA ROCHA GRIPP,AC,PSDB,camara,MARA ROCHA,,,,DEP. CYLMARA FERNANDES DA ROCHA GRIPP
438,MARCEL VAN HATTEM,RS,NOVO,camara,,,,,DEP. MARCEL VAN HATTEM
439,MARCELO HENRIQUE TEIXEIRA DIAS,MG,PSL,camara,,,,,DEP. MARCELO HENRIQUE TEIXEIRA DIAS
440,MARCELO GUILHERME DE ARO FERREIRA,MG,PP,camara,,,,,DEP. MARCELO GUILHERME DE ARO FERREIRA
441,MARCELO DE BRUM DA COSTA,RS,PSL,camara,,,,,DEP. MARCELO DE BRUM DA COSTA
442,MARCELO RIBEIRO FREIXO,RJ,PSB,camara,,,,,DEP. MARCELO RIBEIRO FREIXO
443,MARCELO PIRES MORAES,RS,PTB,camara,,,,,DEP. MARCELO PIRES MORAES
444,JOSE MARCELO DO NASCIMENTO NILO,BA,PSB,camara,,,,,DEP. JOSE MARCELO DO NASCIMENTO NILO
445,MARCELO RAMOS RODRIGUES,AM,PL,camara,,,,,DEP. MARCELO RAMOS RODRIGUES
446,MARCIO LUIZ ALVINO DE SOUZA,SP,PL,camara,,,,,DEP. MARCIO LUIZ ALVINO DE SOUZA
447,MARCIO DELLA VALLE BIOLCHI,RS,MDB,camara,,,,,DEP. MARCIO DELLA VALLE BIOLCHI
448,MARCIO DA SILVEIRA LABRE,RJ,PSL,camara,,,,,DEP. MARCIO DA SILVEIRA LABRE
449,MARCIO CARLOS MARINHO,BA,REPUBLICANOS,camara,,,,,DEP. MARCIO CARLOS MARINHO
450,MARCO AURELIO BERTAIOLLI,SP,PSD,camara,,,,,DEP. MARCO AURELIO BERTAIOLLI
451,DIONILSO MATEUS MARCON,RS,PT,camara,,,,,DEP. DIONILSO MATEUS MARCON
452,MARCOS AURELIO PADUA RIBEIRO GONCALVES DE SAMPAIO,PI,MDB,camara,,,,,DEP. MARCOS AURELIO PADUA RIBEIRO GONCALVES DE SAMPAIO
453,MARCOS ANTONIO PEREIRA,SP,REPUBLICANOS,camara,,,,,DEP. MARCOS ANTONIO PEREIRA
454,MARCOS BEZERRA RIBEIRO SOARES,RJ,DEM,camara,,,,,DEP. MARCOS BEZERRA RIBEIRO SOARES
455,MARGARETE DE CASTRO COELHO,PI,PP,camara,,,,,DEP. MARGARETE DE CASTRO COELHO
456,MARIA DO ROSARIO NUNES,RS,PT,camara,,,,,DEP. MARIA DO ROSARIO NUNES
457,MARIA DO PARTO MENDES ROSAS,SP,REPUBLICANOS,camara,,,,,DEP. MARIA DO PARTO MENDES ROSAS
458,MARIANA FONSECA RIBEIRO CARVALHO DE MORAES,RO,PSDB,camara,,,,,DEP. MARIANA FONSECA RIBEIRO CARVALHO DE MORAES
459,MARILIA VALENCA ROCHA ARRAES DE ALENCAR,PE,PT,camara,,,,,DEP. MARILIA VALENCA ROCHA ARRAES DE ALENCAR
460,MARINA SANTOS BATISTA DIAS,PI,PL,camara,,,,,DEP. MARINA SANTOS BATISTA DIAS
461,MARIO LUCIO HERINGER,MG,PDT,camara,,,,,DEP. MARIO LUCIO HERINGER
462,MARIO S. M. NEGROMONTE JR.,BA,PP,camara,,,,,DEP. MARIO S. M. NEGROMONTE JR.
463,MARLON ARATOR SANTOS DA ROSA,RS,PDT,camara,,,,,DEP. MARLON ARATOR SANTOS DA ROSA
464,ANTONIO DA CRUZ FILGUEIRA NETO,MA,PATRIOTA,camara,,,,,DEP. ANTONIO DA CRUZ FILGUEIRA NETO
465,MARX BELTRAO LIMA SIQUEIRA,AL,PSD,camara,MARX BELTRAO,,,,DEP. MARX BELTRAO LIMA SIQUEIRA
466,MAURICIO ALEXANDRE DZIEDRICKI,RS,PTB,camara,,,,,DEP. MAURICIO ALEXANDRE DZIEDRICKI
467,CARLOS MAURO BENEVIDES FILHO,CE,PDT,camara,,,,,DEP. CARLOS MAURO BENEVIDES FILHO
468,MAURO RIBEIRO LOPES,MG,MDB,camara,,,,,DEP. MAURO RIBEIRO LOPES
469,MAURO NAZIF RASUL,RO,PSB,camara,,,,,DEP. MAURO NAZIF RASUL
470,MERLONG SOLANO NOGUEIRA,PI,PT,camara,,,,,DEP. MERLONG SOLANO NOGUEIRA
471,MIGUEL MOUBADDA HADDAD,SP,PSDB,camara,,,,,DEP. MIGUEL MOUBADDA HADDAD
472,MIGUEL LOMBARDI,SP,PL,camara,,,,,DEP. MIGUEL LOMBARDI
473,MILTON COELHO DA SILVA NETO,PE,PSB,camara,,,,,DEP. MILTON COELHO DA SILVA NETO
474,MILTON VIEIRA PINTO,SP,REPUBLICANOS,camara,,,,,DEP. MILTON VIEIRA PINTO
475,MISAEL ARTUR FERREIRA VARELLA,MG,PSD,camara,,,,,DEP. MISAEL ARTUR FERREIRA VARELLA
476,MOSES HAENDEL MELO RODRIGUES,CE,MDB,camara,,,,,DEP. MOSES HAENDEL MELO RODRIGUES
477,NATALIA BASTOS BONAVIDES,RN,PT,camara,,,,,DEP. NATALIA BASTOS BONAVIDES
478,NELSON NED PREVIDENTE,MT,PSL,camara,,,,,DEP. NELSON NED PREVIDENTE
479,NEREU CRISPIM,RS,PSL,camara,,,,,DEP. NEREU CRISPIM
480,NERI GELLER,MT,PP,camara,,,,,DEP. NERI GELLER
481,NEUCIMAR FERREIRA FRAGA,ES,PSD,camara,NEUCIMAR FRAGA,,,,DEP. NEUCIMAR FERREIRA FRAGA
482,NEWTON CARDOSO JUNIOR,MG,MDB,camara,,,,,DEP. NEWTON CARDOSO JUNIOR
483,ANTONIO CARLOS NICOLETTI,RR,PSL,camara,,,,,DEP. ANTONIO CARLOS NICOLETTI
484,NILSON PINTO DE OLIVEIRA,PA,PSDB,camara,,,,,DEP. NILSON PINTO DE OLIVEIRA
485,NILTO IGNACIO TATTO,SP,PT,camara,,,,,DEP. NILTO IGNACIO TATTO
486,NIVALDO FERREIRA DE ALBUQUERQUE NETO,AL,PTB,camara,,,,,DEP. NIVALDO FERREIRA DE ALBUQUERQUE NETO
487,NORMA AYUB ALVES,ES,DEM,camara,,,,,DEP. NORMA AYUB ALVES
488,ODAIR JOSE DA CUNHA,MG,PT,camara,,,,,DEP. ODAIR JOSE DA CUNHA
489,OLIVAL HENRIQUE MARQUES DE SOUZA,PA,DEM,camara,,,,,DEP. OLIVAL HENRIQUE MARQUES DE SOUZA
490,ORLANDO SILVA DE JESUS JUNIOR,SP,PCdoB,camara,,,,,DEP. ORLANDO SILVA DE JESUS JUNIOR
491,OSIRES RODRIGUES DAMASO,TO,PSC,camara,,,,,DEP. OSIRES RODRIGUES DAMASO
492,OSMAR JOSE SERRAGLIO,PR,PP,camara,,,,,DEP. OSMAR JOSE SERRAGLIO
493,OSMAR GASPARINI TERRA,RS,MDB,camara,,,,,DEP. OSMAR GASPARINI TERRA
494,OSSESIO JOSE DA SILVA,PE,REPUBLICANOS,camara,,,,,DEP. OSSESIO JOSE DA SILVA
495,OTAVIO SANTOS SILVA LEITE,RJ,PSDB,camara,,,,,DEP. OTAVIO SANTOS SILVA LEITE
496,OTONI MOURA DE PAULO JUNIOR,RJ,PSC,camara,,,,,DEP. OTONI MOURA DE PAULO JUNIOR
497,JOSE OTACI BARROSO DO NASCIMENTO,RR,SOLIDARIEDADE,camara,,,,,DEP. JOSE OTACI BARROSO DO NASCIMENTO
498,OTTO ROBERTO MENDONCA DE ALENCAR FILHO,BA,PSD,camara,,,,,DEP. OTTO ROBERTO MENDONCA DE ALENCAR FILHO
499,JOAO CARLOS SIQUEIRA,MG,PT,camara,,,,,DEP. JOAO CARLOS SIQUEIRA
500,FRANCISCO EURICO DA SILVA,PE,PATRIOTA,camara,,,,,DEP. FRANCISCO EURICO DA SILVA
501,GILDENEMIR DE LIMA SOUSA,MA,PL,camara,,,,,DEP. GILDENEMIR DE LIMA SOUSA
502,MANOEL ISIDORIO DE SANTANA JUNIOR,BA,AVANTE,camara,,,,,DEP. MANOEL ISIDORIO DE SANTANA JUNIOR
503,PATRUS ANANIAS DE SOUZA,MG,PT,camara,,,,,DEP. PATRUS ANANIAS DE SOUZA
504,PAULA MORENO PARO BELMONTE,DF,CIDADANIA,camara,,,,,DEP. PAULA MORENO PARO BELMONTE
505,PAULO FERNANDO DOS SANTOS,AL,PT,camara,,,,,DEP. PAULO FERNANDO DOS SANTOS
506,PAULO ABI-ACKEL,MG,PSDB,camara,,,,,DEP. PAULO ABI-ACKEL
507,PAULO VELLOSO DANTAS AZI,BA,DEM,camara,,,,,DEP. PAULO VELLOSO DANTAS AZI
508,PAULO EDUARDO MAESTRI BENGTSON,PA,PTB,camara,,,,,DEP. PAULO EDUARDO MAESTRI BENGTSON
509,PAULO EDUARDO LIMA MARTINS,PR,PSC,camara,,,,,DEP. PAULO EDUARDO LIMA MARTINS
510,PAULO ROBERTO FREIRE DA COSTA,SP,PL,camara,,,,,DEP. PAULO ROBERTO FREIRE DA COSTA
511,PAULO GUSTAVO GANIME ALVES TEIXEIRA,RJ,NOVO,camara,,,,,DEP. PAULO GUSTAVO GANIME ALVES TEIXEIRA
512,PAULO JOSE CARLOS GUEDES,MG,PT,camara,,,,,DEP. PAULO JOSE CARLOS GUEDES
513,PAULO SERGIO PARANHOS DE MAGALHAES,BA,PSD,camara,,,,,DEP. PAULO SERGIO PARANHOS DE MAGALHAES
514,PAULO PEREIRA DA SILVA,SP,SOLIDARIEDADE,camara,,,,,DEP. PAULO PEREIRA DA SILVA
515,PAULO ROBERTO SEVERO PIMENTA,RS,PT,camara,,,,,DEP. PAULO ROBERTO SEVERO PIMENTA
516,PAULO SERGIO RAMOS BARBOZA,RJ,PDT,camara,,,,,DEP. PAULO SERGIO RAMOS BARBOZA
517,LUIZ PAULO TEIXEIRA FERREIRA,SP,PT,camara,,,,,DEP. LUIZ PAULO TEIXEIRA FERREIRA
518,PAULO VICENTE CALEFFI,RS,PSD,camara,,,,,DEP. PAULO VICENTE CALEFFI
519,PEDRO AUGUSTO GEROMEL BEZERRA DE MENEZES,CE,PTB,camara,,,,,DEP. PEDRO AUGUSTO GEROMEL BEZERRA DE MENEZES
520,PEDRO AUGUSTO PALARETI,RJ,PSD,camara,,,,,DEP. PEDRO AUGUSTO PALARETI
521,PEDRO OLIVEIRA CUNHA LIMA,PB,PSDB,camara,,,,,DEP. PEDRO OLIVEIRA CUNHA LIMA
522,PEDRO DOS SANTOS MARTINS,AP,PSC,camara,,,,,DEP. PEDRO DOS SANTOS MARTINS
523,PEDRO LUCAS ANDRADE FERNANDES RIBEIRO,MA,PTB,camara,,,,,DEP. PEDRO LUCAS ANDRADE FERNANDES RIBEIRO
524,PEDRO DEBONI LUPION MELLO,PR,DEM,camara,,,,,DEP. PEDRO DEBONI LUPION MELLO
525,PEDRO FRANCISCO UCZAI,SC,PT,camara,,,,,DEP. PEDRO FRANCISCO UCZAI
526,PEDRO TORRES BRANDAO VILELA,AL,PSDB,camara,,,,,DEP. PEDRO TORRES BRANDAO VILELA
527,PEDRO BANDARRA WESTPHALEN,RS,PP,camara,,,,,DEP. PEDRO BANDARRA WESTPHALEN
528,MARIA PERPETUA DE ALMEIDA,AC,PCdoB,camara,PERPETUA ALMEIDA,,,,DEP. MARIA PERPETUA DE ALMEIDA
529,ANTONIO PINHEIRO NETO,MG,PP,camara,,,,,DEP. ANTONIO PINHEIRO NETO
530,KATIA DA SILVA SASTRE,SP,PL,camara,,,,,DEP. KATIA DA SILVA SASTRE
531,DARCI POMPEO DE MATTOS,RS,PDT,camara,,,,,DEP. DARCI POMPEO DE MATTOS
532,MARCO ANTONIO FELICIANO,SP,PL,camara,,,,,DEP. MARCO ANTONIO FELICIANO
533,ALCIDES RIBEIRO FILHO,GO,PP,camara,,,,,DEP. ALCIDES RIBEIRO FILHO
534,ISRAEL MATOS BATISTA,DF,PV,camara,,,,,DEP. ISRAEL MATOS BATISTA
535,JOZIEL FERREIRA CARLOS,RJ,PSL,camara,,,,,DEP. JOZIEL FERREIRA CARLOS
536,DAYANE JAMILLE CARNEIRO DOS SANTOS PIMENTEL,BA,PSL,camara,,,,,DEP. DAYANE JAMILLE CARNEIRO DOS SANTOS PIMENTEL
537,MARIA AUXILIADORA SEABRA REZENDE,TO,DEM,camara,,,,,DEP. MARIA AUXILIADORA SEABRA REZENDE
538,MARCIVANIA DO SOCORRO DA ROCHA FLEXA,AP,PCdoB,camara,,,,,DEP. MARCIVANIA DO SOCORRO DA ROCHA FLEXA
539,ROSA NEIDE SANDES DE ALMEIDA,MT,PT,camara,,,,,DEP. ROSA NEIDE SANDES DE ALMEIDA
540,RAFAEL HUETE DA MOTTA,RN,PSB,camara,,,,,DEP. RAFAEL HUETE DA MOTTA
541,RAIMUNDO MAGALHAES COSTA,BA,PL,camara,,,,,DEP. RAIMUNDO MAGALHAES COSTA
542,RAUL JEAN LOUIS HENRY JUNIOR,PE,MDB,camara,,,,,DEP. RAUL JEAN LOUIS HENRY JUNIOR
543,REGINALDO LAZARO DE OLIVEIRA LOPES,MG,PT,camara,,,,,DEP. REGINALDO LAZARO DE OLIVEIRA LOPES
544,REINHOLD STEPHANES JUNIOR,PR,PSD,camara,,,,,DEP. REINHOLD STEPHANES JUNIOR
545,REJANE RIBEIRO SOUSA DIAS,PI,PT,camara,,,,,DEP. REJANE RIBEIRO SOUSA DIAS
546,RENATA HELLMEISTER DE ABREU,SP,PODE,camara,,,,,DEP. RENATA HELLMEISTER DE ABREU
547,RENILDO VASCONCELOS CALHEIROS,PE,PCdoB,camara,,,,,DEP. RENILDO VASCONCELOS CALHEIROS
548,RICARDO JOSE MAGALHAES BARROS,PR,PP,camara,,,,,DEP. RICARDO JOSE MAGALHAES BARROS
549,RICARDO CORREA DE BARROS,RJ,PSC,camara,,,,,DEP. RICARDO CORREA DE BARROS
550,RICARDO ZANATTA GUIDI,SC,PSD,camara,,,,,DEP. RICARDO ZANATTA GUIDI
551,RICARDO IZAR JUNIOR,SP,PP,camara,,,,,DEP. RICARDO IZAR JUNIOR
552,RICARDO AUGUSTO MACHADO DA SILVA,SP,PSB,camara,,,,,DEP. RICARDO AUGUSTO MACHADO DA SILVA
553,RICARDO TEOBALDO CAVALCANTI,PE,PODE,camara,,,,,DEP. RICARDO TEOBALDO CAVALCANTI
554,MARCOS ROBERIO RIBEIRO MONTEIRO,CE,PDT,camara,,,,,DEP. MARCOS ROBERIO RIBEIRO MONTEIRO
555,ROBERTO ALVES DE LUCENA,SP,PODE,camara,,,,,DEP. ROBERTO ALVES DE LUCENA
556,RODRIGO ANTONIO DE AGOSTINHO MENDONCA,SP,PSB,camara,,,,,DEP. RODRIGO ANTONIO DE AGOSTINHO MENDONCA
557,RODRIGO COELHO,SC,PODE,camara,,,,,DEP. RODRIGO COELHO
558,RODRIGO BATISTA DE CASTRO,MG,PSDB,camara,,,,,DEP. RODRIGO BATISTA DE CASTRO
559,ROGERIO CORREIA DE MOURA BAPTISTA,MG,PT,camara,,,,,DEP. ROGERIO CORREIA DE MOURA BAPTISTA
560,ROGERIO MENDONCA,SC,MDB,camara,,,,,DEP. ROGERIO MENDONCA
561,EVANDRO ROGERIO ROMAN,PR,PATRIOTA,camara,,,,,DEP. EVANDRO ROGERIO ROMAN
562,RONALDO CARLETTO,BA,PP,camara,,,,,DEP. RONALDO CARLETTO
563,ROSANA DE OLIVEIRA VALLE,SP,PSB,camara,,,,,DEP. ROSANA DE OLIVEIRA VALLE
564,ROSANGELA DE SOUZA GOMES,RJ,REPUBLICANOS,camara,,,,,DEP. ROSANGELA DE SOUZA GOMES
565,ROSIANE MODESTO DE OLIVEIRA,MS,PSDB,camara,,,,,DEP. ROSIANE MODESTO DE OLIVEIRA
566,VALDIR LUIZ ROSSONI,PR,PSDB,camara,,,,,DEP. VALDIR LUIZ ROSSONI
567,RUBENS BUENO,PR,CIDADANIA,camara,,,,,DEP. RUBENS BUENO
568,RUBENS OTONI GOMIDE,GO,PT,camara,,,,,DEP. RUBENS OTONI GOMIDE
569,RUBENS PEREIRA E SILVA JUNIOR,MA,PCdoB,camara,,,,,DEP. RUBENS PEREIRA E SILVA JUNIOR
570,RUI GOETHE DA COSTA FALCAO,SP,PT,camara,,,,,DEP. RUI GOETHE DA COSTA FALCAO
571,RUY MANUEL CARNEIRO BARBOSA DE ACA BELCHIOR,PB,PSDB,camara,,,,,DEP. RUY MANUEL CARNEIRO BARBOSA DE ACA BELCHIOR
572,SAMIA DE SOUZA BOMFIM,SP,PSOL,camara,,,,,DEP. SAMIA DE SOUZA BOMFIM
573,SAMUEL MOREIRA DA SILVA JUNIOR,SP,PSDB,camara,,,,,DEP. SAMUEL MOREIRA DA SILVA JUNIOR
574,UBIRATAN ANTUNES SANDERSON,RS,PSL,camara,,,,,DEP. UBIRATAN ANTUNES SANDERSON
575,GILSON CARDOSO FAHUR,PR,PSD,camara,,,,,DEP. GILSON CARDOSO FAHUR
576,SEBASTIAO IGNACIO DE OLIVEIRA JUNIOR,PE,AVANTE,camara,,,,,DEP. SEBASTIAO IGNACIO DE OLIVEIRA JUNIOR
577,SERGIO LUIS LACERDA BRITO,BA,PSD,camara,,,,,DEP. SERGIO LUIS LACERDA BRITO
578,SERGIO DE SOUZA,PR,MDB,camara,,,,,DEP. SERGIO DE SOUZA
579,SERGIO TOLEDO DE ALBUQUERQUE,AL,PL,camara,,,,,DEP. SERGIO TOLEDO DE ALBUQUERQUE
580,SEVERINO DE LIRA PESSOA,AL,REPUBLICANOS,camara,,,,,DEP. SEVERINO DE LIRA PESSOA
581,SHERIDAN ESTERFANY OLIVEIRA,RR,PSDB,camara,,,,,DEP. SHERIDAN ESTERFANY OLIVEIRA
582,SIDNEY RICARDO DE OLIVEIRA LEITE,AM,PSD,camara,,,,,DEP. SIDNEY RICARDO DE OLIVEIRA LEITE
583,SILAS CAMARA,AM,REPUBLICANOS,camara,SILAS CAMARA,,,,DEP. SILAS CAMARA
584,SILVIA CRISTINA AMANCIO CHAGAS,RO,PDT,camara,,,,,DEP. SILVIA CRISTINA AMANCIO CHAGAS
585,SILVIO SERAFIM COSTA FILHO,PE,REPUBLICANOS,camara,,,,,DEP. SILVIO SERAFIM COSTA FILHO
586,SORAYA ALENCAR DOS SANTOS,RJ,PL,camara,,,,,DEP. SORAYA ALENCAR DOS SANTOS
587,SOSTENES SILVA CAVALCANTE,RJ,DEM,camara,,,,,DEP. SOSTENES SILVA CAVALCANTE
588,STEFANO AGUIAR DOS SANTOS,MG,PSD,camara,,,,,DEP. STEFANO AGUIAR DOS SANTOS
589,LUIZ GONZAGA RIBEIRO,MG,PDT,camara,,,,,DEP. LUIZ GONZAGA RIBEIRO
590,TABATA CLAUDIA AMARAL DE PONTES,SP,PSB,camara,,,,,DEP. TABATA CLAUDIA AMARAL DE PONTES
591,FRANCISCO TADEU BARBOSA DE ALENCAR,PE,PSB,camara,,,,,DEP. FRANCISCO TADEU BARBOSA DE ALENCAR
592,TALIRIA PETRONE SOARES,RJ,PSOL,camara,,,,,DEP. TALIRIA PETRONE SOARES
593,JOAO BATISTA CONTI,ES,PSB,camara,,,,,DEP. JOAO BATISTA CONTI
594,TEREZA NELMA DA SILVA PORTO VIANA SOARES,AL,PSDB,camara,,,,,DEP. TEREZA NELMA DA SILVA PORTO VIANA SOARES
595,ERONILDES VASCONCELOS CARVALHO,BA,REPUBLICANOS,camara,,,,,DEP. ERONILDES VASCONCELOS CARVALHO
596,TIAGO DIMAS BRAGA PEREIRA,TO,SOLIDARIEDADE,camara,,,,,DEP. TIAGO DIMAS BRAGA PEREIRA
597,TIAGO LIMA MITRAUD DE CASTRO LEITE,MG,NOVO,camara,,,,,DEP. TIAGO LIMA MITRAUD DE CASTRO LEITE
598,FRANCISCO EVERARDO TIRIRICA OLIVEIRA SILVA,SP,PL,camara,,,,,DEP. FRANCISCO EVERARDO TIRIRICA OLIVEIRA SILVA
599,CARLOS TITO MARQUES CORDEIRO,BA,AVANTE,camara,,,,,DEP. CARLOS TITO MARQUES CORDEIRO
600,ANTONIO WANDSCHEER,PR,PROS,camara,,,,,DEP. ANTONIO WANDSCHEER
601,TULIO GADELHA SALES DE MELO,PE,PDT,camara,,,,,DEP. TULIO GADELHA SALES DE MELO
602,ULDURICO ALENCAR PINTO,BA,PROS,camara,ULDURICO JUNIOR,,,,DEP. ULDURICO ALENCAR PINTO
603,FRANCISCO VAIDON OLIVEIRA,CE,PROS,camara,,,,,DEP. FRANCISCO VAIDON OLIVEIRA
604,JOSE VALDEVAN DE JESUS SANTOS,SE,PL,camara,,,,,DEP. JOSE VALDEVAN DE JESUS SANTOS
605,VALMIR CARLOS DA ASSUNCAO,BA,PT,camara,,,,,DEP. VALMIR CARLOS DA ASSUNCAO
606,VANDER LUIZ DOS SANTOS LOUBET,MS,PT,camara,,,,,DEP. VANDER LUIZ DOS SANTOS LOUBET
607,VANDERLEI MACRIS,SP,PSDB,camara,,,,,DEP. VANDERLEI MACRIS
608,WAGNER BACH MARTINS,PA,REPUBLICANOS,camara,,,,,DEP. WAGNER BACH MARTINS
609,NELSI COGUETTO MARIA,PR,PSD,camara,,,,,DEP. NELSI COGUETTO MARIA
610,VICENTE PAULO DA SILVA,SP,PT,camara,,,,,DEP. VICENTE PAULO DA SILVA
611,VICENTE ALVES DE OLIVEIRA JUNIOR,TO,PL,camara,VICENTINHO JUNIOR,,,,DEP. VICENTE ALVES DE OLIVEIRA JUNIOR
612,VILSON LUIZ DA SILVA,MG,PSB,camara,,,,,DEP. VILSON LUIZ DA SILVA
613,VINICIUS RAPOZO DE CARVALHO,SP,REPUBLICANOS,camara,,,,,DEP. VINICIUS RAPOZO DE CARVALHO
614,VINICIUS LAZZER POIT,SP,NOVO,camara,,,,,DEP. VINICIUS LAZZER POIT
615,VITOR HUGO DE ARAUJO ALMEIDA,GO,PSL,camara,,,,,DEP. VITOR HUGO DE ARAUJO ALMEIDA
616,VITOR LIPPI,SP,PSDB,camara,,,,,DEP. VITOR LIPPI
617,VIVIANE DA COSTA REIS,PA,PSOL,camara,,,,,DEP. VIVIANE DA COSTA REIS
618,WALDENOR ALVES PEREIRA FILHO,BA,PT,camara,,,,,DEP. WALDENOR ALVES PEREIRA FILHO
619,WALTER PEREIRA ALVES,RN,MDB,camara,,,,,DEP. WALTER PEREIRA ALVES
620,WELITON FERNANDES PRADO,MG,PROS,camara,,,,,DEP. WELITON FERNANDES PRADO
621,JOSE WELLINGTON ROBERTO,PB,PL,camara,,,,,DEP. JOSE WELLINGTON ROBERTO
622,JOSE WILSON SANTIAGO,PB,PTB,camara,,,,,DEP. JOSE WILSON SANTIAGO
623,WOLNEY QUEIROZ MACIEL,PE,PDT,camara,,,,,DEP. WOLNEY QUEIROZ MACIEL
624,JOSE CARLOS NUNES JUNIOR,MA,PT,camara,,,,,DEP. JOSE CARLOS NUNES JUNIOR
625,JOSE CERQUEIRA DE SANTANA NETO,BA,PT,camara,,,,,DEP. JOSE CERQUEIRA DE SANTANA NETO
626,JOSE SILVA SOARES,MG,SOLIDARIEDADE,camara,,,,,DEP. JOSE SILVA SOARES
627,JOSE VITOR DE RESENDE AGUIAR,MG,PL,camara,,,,,DEP. JOSE VITOR DE RESENDE AGUIAR
628,JOSE CARLOS BECKER DE OLIVEIRA E SILVA,PR,PT,camara,,,,,DEP. JOSE CARLOS BECKER DE OLIVEIRA E SILVA
629,JOSE LOURENÇO BOMFIM JUNIOR,MA,PL,camara,,,JUNIOR LOURENCO	,,DEP. JOSE LOURENÇO BOMFIM JUNIOR
