,prop_pk1,prop_1,prop_2,prop_3,prop_4,prop_pk2,uf,partido,orgao
0,BANCADA-AL,,BANCADA DE ALAGOAS,BANCADA AL,,BANCADA-AL,,,
1,MINISTERIO DAS COMUNICACOES,MCOM (CD),MCOM,MINISTERIO DAS COMUNICACOES,,MINISTERIO DAS COMUNICACOES,,,
2,BANCADA-ES,BANCADA DO ESPIRITO SANTO,Bancada do Espírito Santo,BANCADA ES,,BANCADA-ES,,,
3,BANCADA-MA,BANCADA MA,BANCADA DO MARANHAO,BANCADA DEPUTADOS DO MARANHAO,,BANCADA-MA,,,
4,BANCADA-MG,,BANCADA DE MINAS GERAIS,BANCADA MG,,BANCADA-MG,,,
5,CENTRO GESTOR E OPERACIONAL DO SISTEMA DE PROTECAO DA AMAZONIA,,,CENTRO GESTOR E OPERACIONAL DO SISTEMA DE PROTECAO DA AMAZONIA,,CENTRO GESTOR E OPERACIONAL DO SISTEMA DE PROTECAO DA AMAZONIA,,,
6,EMENDA DE COMISSAO DE FINANCAS E TRIBUTACAO,,,EMENDA DE COMISSAO DE FINANCAS E TRIBUTACAO,,EMENDA DE COMISSAO DE FINANCAS E TRIBUTACAO,,,
7,"MINISTERIO DA CIENCIA, TECNOLOGIA E INOVAÇOES",MCTI,"Ministério da Ciência, Tecnologia e Inovações",INOVACOES E COMUNICACOES,"MINISTERIO DA CIENCIA, TECNOLOGIA, INOVACOES  E COMUNICACOES","MINISTERIO DA CIENCIA, TECNOLOGIA E INOVAÇOES",,,
8,MINISTERIO DA AGRICULTURA,,MAPA,MINISTERIO DA AGRICULTURA,,MINISTERIO DA AGRICULTURA,,,
9,MINISTERIO DA CIDADANIA,,,MINISTERIO DA CIDADANIA,,MINISTERIO DA CIDADANIA,,,
10,MINISTERIO DA CIENCIA,,,MINISTERIO DA CIENCIA,,MINISTERIO DA CIENCIA,,,
11,MINISTERIO DA EDUCACAO,,,MINISTERIO DA EDUCACAO,,MINISTERIO DA EDUCACAO,,,
12,MINISTERIO DA JUSTICA,,,MINISTERIO DA JUSTICA,,MINISTERIO DA JUSTICA,,,
13,MINISTERIO DA SAUDE,,,MINISTERIO DA SAUDE,,MINISTERIO DA SAUDE,,,
14,PATRIA VOLUNTARIA,,,PATRIA VOLUNTARIA,,PATRIA VOLUNTARIA,,,
15,POLICIA RODOVIARIA FEDERAL,,,POLICIA RODOVIARIA FEDERAL,,POLICIA RODOVIARIA FEDERAL,,,
16,POLICIA RODOVIARIA FEDERAL-AM,,POLICIA RODOVIARIA FEDERAL AM,POLICIA RODOVIARIA FEDERAL-AM,,POLICIA RODOVIARIA FEDERAL-AM,,,
17,TECNOLOGIA,,,TECNOLOGIA,,TECNOLOGIA,,,
18,BANCADA-SP,,,BANCADA DE SAO PAULO,,BANCADA-SP,,,
19,BANCADA-PA,,,BANCADA DO PARA,,BANCADA-PA,,,
20,CENSIPAM,,,CENSIPAM,,CENSIPAM,,,
21,COMISSAO CAMARA,,,COMISSAO CAMARA,,COMISSAO CAMARA,,,
22,POLICIA RODOVIARIA FEDERAL-RO,,,POLICIA RODOVIARIA FEDERAL RO,,POLICIA RODOVIARIA FEDERAL-RO,,,
23,COMISSAO DE ORCAMENTO E FINANCAS,,,COMISSAO DE ORCAMENTO E FINANCAS,,COMISSAO DE ORCAMENTO E FINANCAS,,,
24,MINISTERIO DAS COMUNICACOES (MS),,,MINISTERIO DAS COMUNICACOES (MS),,MINISTERIO DAS COMUNICACOES (MS),,,
25,MINISTERIO DO MEIO AMBIENTE,,,MINISTERIO DO MEIO AMBIENTE,,MINISTERIO DO MEIO AMBIENTE,,,
26,PRF-AM,,,,PRF-AM,PRF-AM,,,
27,,,,,,,,,
28,,,,,,,,,
29,,,,,,,,,
30,ACIR GURGACZ,,,,,SEN. ACIR GURGACZ,RO,PDT,senado
31,ALESSANDRO VIEIRA,,,,,SEN. ALESSANDRO VIEIRA,SE,CIDADANIA,senado
32,ALVARO DIAS,,,,,SEN. ALVARO DIAS,PR,PODEMOS,senado
33,ANGELO CORONEL,,,,,SEN. ANGELO CORONEL,BA,PSD,senado
34,ANTONIO ANASTASIA,,,,,SEN. ANTONIO ANASTASIA,MG,PSD,senado
35,CARLOS FAVARO,,,,,SEN. CARLOS FAVARO,MT,PSD,senado
36,CARLOS PORTINHO,,,,,SEN. CARLOS PORTINHO,RJ,PL,senado
37,CONFUCIO AIRES MOURA,SENADOR CONFUCIO MOURA,CONFUCIO MOURA,,,SEN. CONFUCIO AIRES MOURA,RO,MDB,senado
38,CARLOS VIANA,,,,,SEN. CARLOS VIANA,MG,PSD,senado
39,CHICO RODRIGUES,,,,,SEN. CHICO RODRIGUES,RR,DEM,senado
40,CHIQUINHO FEITOSA,,,,,SEN. CHIQUINHO FEITOSA,CE,DEM,senado
41,CID GOMES,,,,,SEN. CID GOMES,CE,PDT,senado
42,DANIELLA RIBEIRO,,,,,SEN. DANIELLA RIBEIRO,PB,PP,senado
43,DARIO BERGER,,,,,SEN. DARIO BERGER,SC,MDB,senado
44,DAVI ALCOLUMBRE,,,,,SEN. DAVI ALCOLUMBRE,AP,DEM,senado
45,EDUARDO BRAGA,,,,,SEN. EDUARDO BRAGA,AM,MDB,senado
46,EDUARDO GIRAO,,,,,SEN. EDUARDO GIRAO,CE,PODEMOS,senado
47,EDUARDO GOMES,,,,,SEN. EDUARDO GOMES,TO,MDB,senado
48,ELIANE NOGUEIRA,,,,,SEN. ELIANE NOGUEIRA,PI,PP,senado
49,ELIZIANE GAMA,,,,,SEN. ELIZIANE GAMA,MA,CIDADANIA,senado
50,ELMANO FERRER,,,,,SEN. ELMANO FERRER,PI,PP,senado
51,ESPERIDIAO AMIN,,,,,SEN. ESPERIDIAO AMIN,SC,PP,senado
52,FABIANO CONTARATO,,,,,SEN. FABIANO CONTARATO,ES,REDE,senado
53,FERNANDO BEZERRA COELHO,,,,,SEN. FERNANDO BEZERRA COELHO,PE,MDB,senado
54,FERNANDO COLLOR,,,,,SEN. FERNANDO COLLOR,AL,PROS,senado
55,FLAVIO ARNS,,,,,SEN. FLAVIO ARNS,PR,PODEMOS,senado
56,FLAVIO BOLSONARO,,,,,SEN. FLAVIO BOLSONARO,RJ,PL,senado
57,GIORDANO,,,,,SEN. GIORDANO,SP,MDB,senado
58,HUMBERTO COSTA,,,,,SEN. HUMBERTO COSTA,PE,PT,senado
59,IRAJA,,,,,SEN. IRAJA,TO,PSD,senado
60,IZALCI LUCAS,,,,,SEN. IZALCI LUCAS,DF,PSDB,senado
61,JADER BARBALHO,,,,,SEN. JADER BARBALHO,PA,MDB,senado
62,JAQUES WAGNER,,,,,SEN. JAQUES WAGNER,BA,PT,senado
63,JARBAS VASCONCELOS,,,,,SEN. JARBAS VASCONCELOS,PE,MDB,senado
64,JAYME CAMPOS,,,,,SEN. JAYME CAMPOS,MT,DEM,senado
65,JEAN PAUL PRATES,,,,,SEN. JEAN PAUL PRATES,RN,PT,senado
66,JORGE KAJURU,,,,,SEN. JORGE KAJURU,GO,PODEMOS,senado
67,JORGINHO MELLO,,,,,SEN. JORGINHO MELLO,SC,PL,senado
68,JOSE ANIBAL,,,,,SEN. JOSE ANIBAL,SP,PSDB,senado
69,KATIA ABREU,,,,,SEN. KATIA ABREU,TO,PP,senado
70,LASIER MARTINS,,,,,SEN. LASIER MARTINS,RS,PODEMOS,senado
71,LEILA BARROS,,,,,SEN. LEILA BARROS,DF,CIDADANIA,senado
72,LUCAS BARRETO,,,,,SEN. LUCAS BARRETO,AP,PSD,senado
73,LUIS CARLOS HEINZE,,,,,SEN. LUIS CARLOS HEINZE,RS,PP,senado
74,LUIZ DO CARMO,,,,,SEN. LUIZ DO CARMO,GO,MDB,senado
75,MAILZA GOMES,,,,,SEN. MAILZA GOMES,AC,PP,senado
76,MARA GABRILLI,,,,,SEN. MARA GABRILLI,SP,PSDB,senado
77,MARCELO CASTRO,,,,,SEN. MARCELO CASTRO,PI,MDB,senado
78,MARCIO BITTAR,,,,,SEN. MARCIO BITTAR,AC,PSL,senado
79,MARCOS DO VAL,,,,,SEN. MARCOS DO VAL,ES,PODEMOS,senado
80,MARCOS ROGERIO,,,,,SEN. MARCOS ROGERIO,RO,DEM,senado
81,MARIA DO CARMO ALVES,,,,,SEN. MARIA DO CARMO ALVES,SE,DEM,senado
82,MARIA ELIZA,,,,,SEN. MARIA ELIZA,RO,MDB,senado
83,MECIAS DE JESUS,,,,,SEN. MECIAS DE JESUS,RR,REPUBLICANOS,senado
84,NELSINHO TRAD FILHO,,,,,SEN. NELSINHO TRAD FILHO,MS,PSD,senado
85,NILDA GONDIM,,,,,SEN. NILDA GONDIM,PB,MDB,senado
86,OMAR AZIZ,,,,,SEN. OMAR AZIZ,AM,PSD,senado
87,ORIOVISTO GUIMARAES,,,,,SEN. ORIOVISTO GUIMARAES,PR,PODEMOS,senado
88,OTTO ALENCAR,,,,,SEN. OTTO ALENCAR,BA,PSD,senado
89,PAULO PAIM,,,,,SEN. PAULO PAIM,RS,PT,senado
90,PAULO ROCHA,,,,,SEN. PAULO ROCHA,PA,PT,senado
91,PLINIO VALERIO,,,,,SEN. PLINIO VALERIO,AM,PSDB,senado
92,RANDOLFE RODRIGUES,,,,,SEN. RANDOLFE RODRIGUES,AP,REDE,senado
93,REGUFFE,,,,,SEN. REGUFFE,DF,PODEMOS,senado
94,RENAN CALHEIROS,,,,,SEN. RENAN CALHEIROS,AL,MDB,senado
95,ROBERTO ROCHA,,,,,SEN. ROBERTO ROCHA,MA,PSDB,senado
96,RODRIGO SANTOS CUNHA,RODRIGO CUNHA,,,,SEN. RODRIGO SANTOS CUNHA,AL,PSDB,senado
97,RODRIGO PACHECO,,,,,SEN. RODRIGO PACHECO,MG,PSD,senado
98,ROGERIO CARVALHO,,,,,SEN. ROGERIO CARVALHO,SE,PT,senado
99,ROMARIO,,,,,SEN. ROMARIO,RJ,PL,senado
100,ROSE DE FREITAS,,,,,SEN. ROSE DE FREITAS,ES,MDB,senado
101,SERGIO PETECAO,SERGIO PETECAO,,,,SEN. SERGIO PETECAO,AC,PSD,senado
102,SIMONE TEBET,,,,,SEN. SIMONE TEBET,MS,MDB,senado
103,SORAYA THRONICKE,SORAYA THRONICKE,A SORAYA THRONICKE,,,SEN. SORAYA THRONICKE,MS,PSL,senado
104,STYVENSON VALENTIM,,,,,SEN. STYVENSON VALENTIM,RN,PODEMOS,senado
105,TELMARIO MOTA,,,,,SEN. TELMARIO MOTA,RR,PROS,senado
106,VANDERLAN CARDOSO,,,,,SEN. VANDERLAN CARDOSO,GO,PSD,senado
107,VENEZIANO VITAL DO REGO,,,,,SEN. VENEZIANO VITAL DO REGO,PB,MDB,senado
108,WELLINGTON FAGUNDES,,,,,SEN. WELLINGTON FAGUNDES,MT,PL,senado
109,WEVERTON,,,,,SEN. WEVERTON,MA,PDT,senado
110,ZENAIDE MAIA,,,,,SEN. ZENAIDE MAIA,RN,PROS,senado
111,ZEQUINHA MARINHO,,,,,SEN. ZEQUINHA MARINHO,PA,PSC,senado
112,JOSE ABILIO SILVA DE SANTANA,,,,,DEP. JOSE ABILIO SILVA DE SANTANA,BA,PL,camara
113,PAULO SERGIO ABOU ANNI,,,,,DEP. PAULO SERGIO ABOU ANNI,SP,PSL,camara
114,FLAVIA CAROLINA PERES,FLAVIA ARRUDA,,,,DEP. FLAVIA CAROLINA PERES,DF,PL,camara
115,ACACIO DA SILVA FAVACHO NETO,,,,,DEP. ACACIO DA SILVA FAVACHO NETO,AP,PROS,camara
116,ADOLFO VIANA DE CASTRO NETO,,,,,DEP. ADOLFO VIANA DE CASTRO NETO,BA,PSDB,camara
117,ADRIANA MIGUEL VENTURA,,,,,DEP. ADRIANA MIGUEL VENTURA,SP,NOVO,camara
118,ADRIANO ANTONIO AVELAR,,,,,DEP. ADRIANO ANTONIO AVELAR,GO,PP,camara
119,AECIO NEVES DA CUNHA,AECIO NEVES,,,,DEP. AECIO NEVES DA CUNHA,MG,PSDB,camara
120,AELTON JOSE DE FREITAS,,,,,DEP. AELTON JOSE DE FREITAS,MG,PL,camara
121,AFONSO BANDEIRA FLORENCE,,,,,DEP. AFONSO BANDEIRA FLORENCE,BA,PT,camara
122,JOSE ALFONSO EBERT HAMM,,,,,DEP. JOSE ALFONSO EBERT HAMM,RS,PP,camara
123,AFONSO ANTUNES DA MOTTA,,,,,DEP. AFONSO ANTUNES DA MOTTA,RS,PDT,camara
124,AGUINALDO VELLOSO BORGES RIBEIRO,,,,,DEP. AGUINALDO VELLOSO BORGES RIBEIRO,PB,PP,camara
125,AIRTON LUIZ FALEIRO,,,,,DEP. AIRTON LUIZ FALEIRO,PA,PT,camara
126,ANTONIO JOSE AGUIAR ALBUQUERQUE,,,,,DEP. ANTONIO JOSE AGUIAR ALBUQUERQUE,CE,PP,camara
127,ALAN RICK MIRANDA,,,,,DEP. ALAN RICK MIRANDA,AC,DEM,camara
128,ALCEU MOREIRA DA SILVA,,,,,DEP. ALCEU MOREIRA DA SILVA,RS,MDB,camara
129,ALCIDES RODRIGUES FILHO,,,,,DEP. ALCIDES RODRIGUES FILHO,GO,PATRIOTA,camara
130,ALESSANDRA DA SILVA,,,,,DEP. ALESSANDRA DA SILVA,MG,PSL,camara
131,ALENCAR SANTANA BRAGA,,,,,DEP. ALENCAR SANTANA BRAGA,SP,PT,camara
132,ALESSANDRO LUCCIOLA MOLON,,,,,DEP. ALESSANDRO LUCCIOLA MOLON,RJ,PSB,camara
133,ALEX SPINELLI MANENTE,,,,,DEP. ALEX SPINELLI MANENTE,SP,CIDADANIA,camara
134,ALEX MARCO SANTANA SOUSA,,,,,DEP. ALEX MARCO SANTANA SOUSA,BA,PDT,camara
135,ALEXANDRE FROTA DE ANDRADE,,,,,DEP. ALEXANDRE FROTA DE ANDRADE,SP,PSDB,camara
136,ALEXANDRE LEITE DA SILVA,,,,,DEP. ALEXANDRE LEITE DA SILVA,SP,DEM,camara
137,ALEXANDRE ROCHA SANTOS PADILHA,,,,,DEP. ALEXANDRE ROCHA SANTOS PADILHA,SP,PT,camara
138,ALEXIS JOSEPH STEVERLYNCK FONTEYNE,,,,,DEP. ALEXIS JOSEPH STEVERLYNCK FONTEYNE,SP,NOVO,camara
139,ALICE MAZZUCO PORTUGAL,,,ALICE PORTUGAL,,DEP. ALICE MAZZUCO PORTUGAL,BA,PCdoB,camara
140,ALIEL MACHADO BARK,,,,,DEP. ALIEL MACHADO BARK,PR,PSB,camara
141,ALINE PARANHOS VARONIL GURGEL,,,,,DEP. ALINE PARANHOS VARONIL GURGEL,AP,REPUBLICANOS,camara
142,ALINE SLEUTJES,ALINE SLEUTJES,,,,DEP. ALINE SLEUTJES,PR,PSL,camara
143,ALTINEU CORTES FREITAS COUTINHO,,,,,DEP. ALTINEU CORTES FREITAS COUTINHO,RJ,PL,camara
144,ALUISIO GUIMARAES MENDES FILHO,,,,,DEP. ALUISIO GUIMARAES MENDES FILHO,MA,PSC,camara
145,AMARO ROCHA NASCIMENTO NETO,AMARO NETO,,,,DEP. AMARO ROCHA NASCIMENTO NETO,ES,REPUBLICANOS,camara
146,ANDRE DOS SANTOS ABDON,,,,,DEP. ANDRE DOS SANTOS ABDON,AP,PP,camara
147,ANDRE CARLOS ALVES DE PAULA FILHO,,,,,DEP. ANDRE CARLOS ALVES DE PAULA FILHO,PE,PSD,camara
148,ANDRE FERREIRA RODRIGUES,,,,,DEP. ANDRE FERREIRA RODRIGUES,PE,PSC,camara
149,ANDRE PEIXOTO FIGUEIREDO LIMA,,,,,DEP. ANDRE PEIXOTO FIGUEIREDO LIMA,CE,PDT,camara
150,ANDRE LUIZ CARVALHO RIBEIRO,,,,,DEP. ANDRE LUIZ CARVALHO RIBEIRO,MA,PP,camara
151,ANDRE LUIS GASPAR JANONES,ANDRE JANONES,,,,DEP. ANDRE LUIS GASPAR JANONES,MG,AVANTE,camara
152,ANGELA REGINA HEINZEN AMIN HELOU,,,,,DEP. ANGELA REGINA HEINZEN AMIN HELOU,SC,PP,camara
153,ANTONIO LUIZ PARANHOS RIBEIRO LEITE DE BRITO,,,,,DEP. ANTONIO LUIZ PARANHOS RIBEIRO LEITE DE BRITO,BA,PSD,camara
154,ARLINDO CHIGNALIA JUNIOR,,,,,DEP. ARLINDO CHIGNALIA JUNIOR,SP,PT,camara
155,ARNALDO CALIL PEREIRA JARDIM,,,,,DEP. ARNALDO CALIL PEREIRA JARDIM,SP,CIDADANIA,camara
156,JOSE AROLDO SOUZA MARTINS,,,,,DEP. JOSE AROLDO SOUZA MARTINS,PR,REPUBLICANOS,camara
157,ARTHUR CESAR PEREIRA DE LIRA,,,,,DEP. ARTHUR CESAR PEREIRA DE LIRA,AL,PP,camara
158,ARTHUR DE OLIVEIRA MAIA DA SILVA,,,,,DEP. ARTHUR DE OLIVEIRA MAIA DA SILVA,BA,DEM,camara
159,ATILA SIDNEY LINS ALBUQUERQUE,,,,,DEP. ATILA SIDNEY LINS ALBUQUERQUE,AM,PP,camara
160,ATILA FREITAS LIRA,,,,,DEP. ATILA FREITAS LIRA,PI,PP,camara
161,AUGUSTO RODRIGUES COUTINHO DE MELO,,,,,DEP. AUGUSTO RODRIGUES COUTINHO DE MELO,PE,SOLIDARIEDADE,camara
162,AUREA CAROLINA DE FREITAS E SILVA,AUREA CAROLINA,AUREA CAROLINA,AUREA CAROLINA,,DEP. AUREA CAROLINA DE FREITAS E SILVA,MG,PSOL,camara
163,AUREO LIDIO MOREIRA RIBEIRO,,,,,DEP. AUREO LIDIO MOREIRA RIBEIRO,RJ,SOLIDARIEDADE,camara
164,JOAO CARLOS BACELAR BATISTA,,,,,DEP. JOAO CARLOS BACELAR BATISTA,BA,PODE,camara
165,LUIZ FELIPE BALEIA TENUTO ROSSI,,,,,DEP. LUIZ FELIPE BALEIA TENUTO ROSSI,SP,MDB,camara
166,BENEDITA SOUZA DA SILVA SAMPAIO,,,,,DEP. BENEDITA SOUZA DA SILVA SAMPAIO,RJ,PT,camara
167,LUIZ BENES LEOCADIO DE ARAUJO,,,,,DEP. LUIZ BENES LEOCADIO DE ARAUJO,RN,REPUBLICANOS,camara
168,JOSE ROBERTO OLIVEIRA FARO,,,,,DEP. JOSE ROBERTO OLIVEIRA FARO,PA,PT,camara
169,HUMBERTO REZENDE PEREIRA,,,,,DEP. HUMBERTO REZENDE PEREIRA,MS,PSDB,camara
170,CARLOS ALBERTO DE SOUSA ROSADO SEGUNDO,,,,,DEP. CARLOS ALBERTO DE SOUSA ROSADO SEGUNDO,RN,PP,camara
171,BEATRIZ ROSALIA RIBEIRO CAVASSA DE OLIVEIRA,,,,,DEP. BEATRIZ ROSALIA RIBEIRO CAVASSA DE OLIVEIRA,MS,PSDB,camara
172,BEATRIZ KICIS TORRENTS DE SORDI,,,,,DEP. BEATRIZ KICIS TORRENTS DE SORDI,DF,PSL,camara
173,ALCIBIO MESQUITA BIBO NUNES,,,,,DEP. ALCIBIO MESQUITA BIBO NUNES,RS,PSL,camara
174,OLAVO BILAC PINTO NETO,BILAC PINTO,BILAC PINTO,,,DEP. OLAVO BILAC PINTO NETO,MG,DEM,camara
175,UBIRAJARA DO PINDARE ALMEIDA SOUSA,,,,,DEP. UBIRAJARA DO PINDARE ALMEIDA SOUSA,MA,PSB,camara
176,ELVINO JOSE BOHN GASS,,,,,DEP. ELVINO JOSE BOHN GASS,RS,PT,camara
177,JOAO BOSCO DA COSTA,,,,,DEP. JOAO BOSCO DA COSTA,SE,PL,camara
178,JOAO BOSCO GOMES SARAIVA,,,,,DEP. JOAO BOSCO GOMES SARAIVA,AM,SOLIDARIEDADE,camara
179,NICOLINO BOZZELLA JUNIOR,,,,,DEP. NICOLINO BOZZELLA JUNIOR,SP,PSL,camara
180,BRUNA DIAS FURLAN,,,,,DEP. BRUNA DIAS FURLAN,SP,PSDB,camara
181,CARLOS FELIPE VAZQUEZ DE SOUZA LEAO,,,,,DEP. CARLOS FELIPE VAZQUEZ DE SOUZA LEAO,BA,PP,camara
182,CARLOS CAMILO GOES CAPIBERIBE,,,,,DEP. CARLOS CAMILO GOES CAPIBERIBE,AP,PSB,camara
183,ALBERTO BARROS CAVALCANTE NETO,,,,,DEP. ALBERTO BARROS CAVALCANTE NETO,AM,REPUBLICANOS,camara
184,JOSE AUGUSTO ROSA,,,,,DEP. JOSE AUGUSTO ROSA,SP,PL,camara
185,FABIO ABREU COSTA,,,,,DEP. FABIO ABREU COSTA,PI,PL,camara
186,WAGNER SOUSA GOMES,,,,,DEP. WAGNER SOUSA GOMES,CE,PROS,camara
187,HILKEA CARLA DE SOUZA MEDEIROS LIMA,CARLA DICKSON,,,,DEP. HILKEA CARLA DE SOUZA MEDEIROS LIMA,RN,PROS,camara
188,CARLA ZAMBELLI SALGADO DE OLIVEIRA,,,,,DEP. CARLA ZAMBELLI SALGADO DE OLIVEIRA,SP,PSL,camara
189,CARLOS GOMES BEZERRA,,,,,DEP. CARLOS GOMES BEZERRA,MT,MDB,camara
190,CARLOS ALBERTO CHIODINI,,,,,DEP. CARLOS ALBERTO CHIODINI,SC,MDB,camara
191,ANTONIO CARLOS GOMES DA SILVA,,,,,DEP. ANTONIO CARLOS GOMES DA SILVA,RS,REPUBLICANOS,camara
192,CARLOS HENRIQUE AMORIM,,,,,DEP. CARLOS HENRIQUE AMORIM,TO,DEM,camara
193,CARLOS ROBERTO COELHO DE MATTOS JUNIOR,,,,,DEP. CARLOS ROBERTO COELHO DE MATTOS JUNIOR,RJ,PSL,camara
194,CARLOS HENRIQUE FOCESI SAMPAIO,,,,,DEP. CARLOS HENRIQUE FOCESI SAMPAIO,SP,PSDB,camara
195,JOSE CARLOS VERAS DOS SANTOS,,,,,DEP. JOSE CARLOS VERAS DOS SANTOS,PE,PT,camara
196,CARLOS ALBERTO ROLIM ZARATTINI,,,,,DEP. CARLOS ALBERTO ROLIM ZARATTINI,SP,PT,camara
197,CARMEN EMILIA BONFA ZANOTTO,,,,,DEP. CARMEN EMILIA BONFA ZANOTTO,SC,CIDADANIA,camara
198,CAROLINE RODRIGUES DE TONI,,,,,DEP. CAROLINE RODRIGUES DE TONI,SC,PSL,camara
199,CASSIO COELHO ANDRADE,,,,,DEP. CASSIO COELHO ANDRADE,PA,PSB,camara
200,CELINA LEAO HIZIM FERREIRA,,,,,DEP. CELINA LEAO HIZIM FERREIRA,DF,PP,camara
201,CELIO ALVES DE MOURA,,,,,DEP. CELIO ALVES DE MOURA,TO,PT,camara
202,CELIO ANTONIO DA SILVEIRA,,,,,DEP. CELIO ANTONIO DA SILVEIRA,GO,PSDB,camara
203,CELIO STUDART BARBOSA,,,,,DEP. CELIO STUDART BARBOSA,CE,PV,camara
204,CELSO MALDANER,,,,,DEP. CELSO MALDANER,SC,MDB,camara
205,CELSO UBIRAJARA RUSSOMANNO,,,,,DEP. CELSO UBIRAJARA RUSSOMANNO,SP,REPUBLICANOS,camara
206,CELSO SABINO DE OLIVEIRA,,CELSO SABINO,,,DEP. CELSO SABINO DE OLIVEIRA,PA,PSL,camara
207,ANTONIO CEZAR CORREIA FREIRE,,,,,DEP. ANTONIO CEZAR CORREIA FREIRE,SP,PSD,camara
208,CHARLES FERNANDES SILVEIRA SANTANA,,,,,DEP. CHARLES FERNANDES SILVEIRA SANTANA,BA,PSD,camara
209,CHARLLES THOMACELLI EVANGELISTA,CHARLES EVANGELISTA,,,,DEP. CHARLLES THOMACELLI EVANGELISTA,MG,PSL,camara
210,FRANCISCO JOSE D'ANGELO PINTO,,,,,DEP. FRANCISCO JOSE D'ANGELO PINTO,RJ,PDT,camara
211,JOAO FRANCISCO INACIO BRAZAO,,,,,DEP. JOAO FRANCISCO INACIO BRAZAO,RJ,AVANTE,camara
212,JOAO INACIO RIBEIRO ROMA NETO,JOAO INÁCIO RIBEIRO ROMA NETO,JOAO ROMA,JOAO INACIO RIBEIRO ROMA NETO,,DEP. JOAO INACIO RIBEIRO ROMA NETO,PE,REPUBLICANOS,camara
213,CHRISTINE NOGUEIRA DOS REIS TONIETTO,,,,,DEP. CHRISTINE NOGUEIRA DOS REIS TONIETTO,RJ,PSL,camara
214,CHRISTIANE DE SOUZA YARED,,,,,DEP. CHRISTIANE DE SOUZA YARED,PR,PL,camara
215,CHRISTINO AUREO DA SILVA,,,,,DEP. CHRISTINO AUREO DA SILVA,RJ,PP,camara
216,CLARISSA BARROS ASSED MATHEUS DE OLIVEIRA,,,,,DEP. CLARISSA BARROS ASSED MATHEUS DE OLIVEIRA,RJ,PROS,camara
217,CLAUDIO CAJADO SAMPAIO,,,,,DEP. CLAUDIO CAJADO SAMPAIO,BA,PP,camara
218,CLEBER VERDE CORDEIRO MENDES,,,,,DEP. CLEBER VERDE CORDEIRO MENDES,MA,REPUBLICANOS,camara
219,LUIZ ARMANDO SCHROEDER REIS,,,,,DEP. LUIZ ARMANDO SCHROEDER REIS,SC,PSL,camara
220,JOAO CHRISOSTOMO DE MOURA,CORONEL CHRISOSTOMO,,,,DEP. JOAO CHRISOSTOMO DE MOURA,RO,PSL,camara
221,MARCIO TADEU ANHAIA DE LEMOS,,,,,DEP. MARCIO TADEU ANHAIA DE LEMOS,SP,PSL,camara
222,LUIS ANTONIO FRANCISCATTO COVATTI,,,,,DEP. LUIS ANTONIO FRANCISCATTO COVATTI,RS,PP,camara
223,CRISTIANO DUTRA VALE,,,,,DEP. CRISTIANO DUTRA VALE,PA,PL,camara
224,JOSIAS MARIO DA VITORIA,DA VITORIA,,,,DEP. JOSIAS MARIO DA VITORIA,ES,CIDADANIA,camara
225,DAGOBERTO NOGUEIRA FILHO,,,,,DEP. DAGOBERTO NOGUEIRA FILHO,MS,PDT,camara
226,DAMIAO FELICIANO DA SILVA,,,,,DEP. DAMIAO FELICIANO DA SILVA,PB,PDT,camara
227,DANIEL GOMES DE ALMEIDA,,,,,DEP. DANIEL GOMES DE ALMEIDA,BA,PCdoB,camara
228,DANIEL PIRES COELHO,,,,,DEP. DANIEL PIRES COELHO,PE,CIDADANIA,camara
229,DANIEL COSTA DE FREITAS,,,,,DEP. DANIEL COSTA DE FREITAS,SC,PSL,camara
230,DANIEL LUCIO DA SILVEIRA,,,,,DEP. DANIEL LUCIO DA SILVEIRA,RJ,PSL,camara
231,DANIEL TRZECIAK DUARTE,,,,,DEP. DANIEL TRZECIAK DUARTE,RS,PSDB,camara
232,DANIELA MOTE DE SOUZA CARNEIRO,,,,,DEP. DANIELA MOTE DE SOUZA CARNEIRO,RJ,MDB,camara
233,DANILO JORGE DE BARROS CABRAL,,,,,DEP. DANILO JORGE DE BARROS CABRAL,PE,PSB,camara
234,FRANCISCO DANILO BASTOS FORTE,,,,,DEP. FRANCISCO DANILO BASTOS FORTE,CE,PSDB,camara
235,DARCI DE MATOS,,,,,DEP. DARCI DE MATOS,SC,PSD,camara
236,DAVID MICHAEL DOS SANTOS MIRANDA,,,,,DEP. DAVID MICHAEL DOS SANTOS MIRANDA,RJ,PSOL,camara
237,ANTONIO DA LUZ FURTADO,,,,,DEP. ANTONIO DA LUZ FURTADO,RJ,PSL,camara
238,EDER MAURO CARDOSO BARRA,,,,,DEP. EDER MAURO CARDOSO BARRA,PA,PSD,camara
239,MARCELO EDUARDO FREITAS,DELEGADO MARCELO FREITAS,,,,DEP. MARCELO EDUARDO FREITAS,MG,PSL,camara
240,PABLO OLIVA SOUZA,,,,,DEP. PABLO OLIVA SOUZA,AM,PSL,camara
241,WALDIR SOARES DE OLIVEIRA,,,,,DEP. WALDIR SOARES DE OLIVEIRA,GO,PSL,camara
242,DENIS ANDERSON DA ROCHA BEZERRA,,,,,DEP. DENIS ANDERSON DA ROCHA BEZERRA,CE,PSB,camara
243,DIEGO LEONARDO DE ANDRADE CARVALHO,,,,,DEP. DIEGO LEONARDO DE ANDRADE CARVALHO,MG,PSD,camara
244,DIEGO ALEXSANDER GONCALO PAULA GARCIA,,,,,DEP. DIEGO ALEXSANDER GONCALO PAULA GARCIA,PR,PODE,camara
245,DIMAS FABIANO TOLEDO JUNIOR,DIMAS FABIANO,,,,DEP. DIMAS FABIANO TOLEDO JUNIOR,MG,PP,camara
246,DOMINGOS GOMES DE AGUIAR NETO,,,,,DEP. DOMINGOS GOMES DE AGUIAR NETO,CE,PSD,camara
247,DOMINGOS SAVIO CAMPOS RESENDE,,,,,DEP. DOMINGOS SAVIO CAMPOS RESENDE,MG,PSDB,camara
248,FREDERICO DE CASTRO ESCALEIRA,,,,,DEP. FREDERICO DE CASTRO ESCALEIRA,MG,PATRIOTA,camara
249,JAZIEL PEREIRA DE SOUSA,,,,,DEP. JAZIEL PEREIRA DE SOUSA,CE,PL,camara
250,LEONARDO RIBEIRO ALBUQUERQUE,,,,,DEP. LEONARDO RIBEIRO ALBUQUERQUE,MT,SOLIDARIEDADE,camara
251,LUIZ ANTONIO DE SOUZA TEIXEIRA JUNIOR,,,,,DEP. LUIZ ANTONIO DE SOUZA TEIXEIRA JUNIOR,RJ,PP,camara
252,LUIZ ALBERTO OVANDO,,,,,DEP. LUIZ ALBERTO OVANDO,MS,PSL,camara
253,ZACARIAS CALIL HAMU,,,,,DEP. ZACARIAS CALIL HAMU,GO,DEM,camara
254,SORAYA DE SOUZA MANNATO,,,,,DEP. SORAYA DE SOUZA MANNATO,ES,PSL,camara
255,VANDA DENIR MILANI NOGUEIRA,,,,,DEP. VANDA DENIR MILANI NOGUEIRA,AC,SOLIDARIEDADE,camara
256,DULCE FERREIRA PAGANI MIRANDA,,,,,DEP. DULCE FERREIRA PAGANI MIRANDA,TO,MDB,camara
257,EDILAZIO GOMES DA SILVA JUNIOR,,,,,DEP. EDILAZIO GOMES DA SILVA JUNIOR,MA,PSD,camara
258,EDIO VIEIRA LOPES,,,,,DEP. EDIO VIEIRA LOPES,RR,PL,camara
259,EDNACE ALVES SILVESTRE HENRIQUE,EDNA HENRIQUE,,,,DEP. EDNACE ALVES SILVESTRE HENRIQUE,PB,PSDB,camara
260,EDUARDO LUIZ BARROS BARBOSA,EDUARDO BARBOSA,,,,DEP. EDUARDO LUIZ BARROS BARBOSA,MG,PSDB,camara
261,EDUARDO HENRIQUE MAIA BISMARCK,,,,,DEP. EDUARDO HENRIQUE MAIA BISMARCK,CE,PDT,camara
262,EDUARDO NANTES BOLSONARO,,,,,DEP. EDUARDO NANTES BOLSONARO,SP,PSL,camara
263,JOSE EDUARDO PEREIRA DA COSTA,,,,,DEP. JOSE EDUARDO PEREIRA DA COSTA,PA,PTB,camara
264,EDUARDO PEDROSA CURY,,,,,DEP. EDUARDO PEDROSA CURY,SP,PSDB,camara
265,EDUARDO HENRIQUE DA FONTE DE ALBUQUERQUE SILVA,,,,,DEP. EDUARDO HENRIQUE DA FONTE DE ALBUQUERQUE SILVA,PE,PP,camara
266,EFRAIM DE ARAUJO MORAIS FILHO,,,,,DEP. EFRAIM DE ARAUJO MORAIS FILHO,PB,DEM,camara
267,ELCIONE THEREZINHA ZAHLUTH BARBALHO,,,,,DEP. ELCIONE THEREZINHA ZAHLUTH BARBALHO,PA,MDB,camara
268,ELI DIAS BORGES,,,,,DEP. ELI DIAS BORGES,TO,SOLIDARIEDADE,camara
269,ADRIANO ELI CORREA,,,,,DEP. ADRIANO ELI CORREA,SP,DEM,camara
270,ELIAS VAZ DE ANDRADE,,,ELIAS VAZ,,DEP. ELIAS VAZ DE ANDRADE,GO,PSB,camara
271,ELMAR JOSE VIEIRA NASCIMENTO,,,,,DEP. ELMAR JOSE VIEIRA NASCIMENTO,BA,DEM,camara
272,ELIANE DE SOUSA ALVES MACHADO,,,,,DEP. ELIANE DE SOUSA ALVES MACHADO,SP,REPUBLICANOS,camara
273,EMANUEL PINHEIRO DA SILVA PRIMO,,,,,DEP. EMANUEL PINHEIRO DA SILVA PRIMO,MT,PTB,camara
274,EMIDIO ALVES MADEIRA JUNIOR,,,,,DEP. EMIDIO ALVES MADEIRA JUNIOR,MG,PSB,camara
275,ENIO JOSE VERRI,,,,,DEP. ENIO JOSE VERRI,PR,PT,camara
276,ENRICO VAN BLARCUM DE GRAAFF MISASI,,,,,DEP. ENRICO VAN BLARCUM DE GRAAFF MISASI,SP,PV,camara
277,ERIKA JUCA KOKAY,,,,,DEP. ERIKA JUCA KOKAY,DF,PT,camara
278,EROS FERREIRA BIONDINI,EROS BIONDINI,,,,DEP. EROS FERREIRA BIONDINI,MG,PROS,camara
279,EUCLYDES MARCOS PETTERSEN NETO,EUCLYDES PETTER,EUCLYDES PETTERSEN,,,DEP. EUCLYDES MARCOS PETTERSEN NETO,MG,PSC,camara
280,EVAIR VIEIRA DE MELO,EVAIR DE MELO,,,,DEP. EVAIR VIEIRA DE MELO,ES,PP,camara
281,EXPEDITO GONCALVES FERREIRA NETTO,EXPEDITO GONCALVES FERREIRA NETO,EXPEDITO NETTO,,,DEP. EXPEDITO GONCALVES FERREIRA NETTO,RO,PSD,camara
282,FABIO HENRIQUE SANTANA DE CARVALHO,,,,,DEP. FABIO HENRIQUE SANTANA DE CARVALHO,SE,PDT,camara
283,FABIO CRUZ MITIDIERI,,,,,DEP. FABIO CRUZ MITIDIERI,SE,PSD,camara
284,FABIO AUGUSTO RAMALHO DOS SANTOS,,,,,DEP. FABIO AUGUSTO RAMALHO DOS SANTOS,MG,MDB,camara
285,FABIO DE ALMEIDA REIS,FABIO REIS,,,,DEP. FABIO DE ALMEIDA REIS,SE,MDB,camara
286,FABIO LUIZ SCHIOCHET FILHO,,,,,DEP. FABIO LUIZ SCHIOCHET FILHO,SC,PSL,camara
287,FABIO RICARDO TRAD,,,,,DEP. FABIO RICARDO TRAD,MS,PSD,camara
288,FAUSTO RUY PINATO,,,,,DEP. FAUSTO RUY PINATO,SP,PP,camara
289,FELICIO LATERCA DE ALMEIDA,,,,,DEP. FELICIO LATERCA DE ALMEIDA,RJ,PSL,camara
290,FELIPE AUGUSTO LYRA CARRERAS,,,,,DEP. FELIPE AUGUSTO LYRA CARRERAS,PE,PSB,camara
291,LUIS FELIPE BONATTO FRANCISCHINI,,,,,DEP. LUIS FELIPE BONATTO FRANCISCHINI,PR,PSL,camara
292,FELIPE RIGONI LOPES,,,,,DEP. FELIPE RIGONI LOPES,ES,PSB,camara
293,FELIX DE ALMEIDA MENDONCA JUNIOR,,,,,DEP. FELIX DE ALMEIDA MENDONCA JUNIOR,BA,PDT,camara
294,FERNANDA MELCHIONNA E SILVA,,,,,DEP. FERNANDA MELCHIONNA E SILVA,RS,PSOL,camara
295,FERNANDO BEZERRA DE SOUZA COELHO FILHO,,,,,DEP. FERNANDO BEZERRA DE SOUZA COELHO FILHO,PE,DEM,camara
296,FERNANDO MONTEIRO DE ALBUQUERQUE,,,,,DEP. FERNANDO MONTEIRO DE ALBUQUERQUE,PE,PP,camara
297,FERNANDO RODOLFO TENORIO DE VASCONCELOS,,,,,DEP. FERNANDO RODOLFO TENORIO DE VASCONCELOS,PE,PL,camara
298,FILIPE BARROS BAPTISTA DE TOLEDO RIBEIRO,,,,,DEP. FILIPE BARROS BAPTISTA DE TOLEDO RIBEIRO,PR,PSL,camara
299,FLAVIA CARREIRO ALBUQUERQUE MORAIS,,,,,DEP. FLAVIA CARREIRO ALBUQUERQUE MORAIS,GO,PDT,camara
300,FLAVIANO FLAVIO BAPTISTA DE MELO,FLAVIANO MELO,,,,DEP. FLAVIANO FLAVIO BAPTISTA DE MELO,AC,MDB,camara
301,FLAVIO RODRIGUES NOGUEIRA,,,,,DEP. FLAVIO RODRIGUES NOGUEIRA,PI,PDT,camara
302,FRANCISCO RODRIGUES VALE JUNIOR,,,,,DEP. FRANCISCO RODRIGUES VALE JUNIOR,GO,PSD,camara
303,FRANCO CARTAFINA GOMES,FRANCO CARTAFINA,,,,DEP. FRANCO CARTAFINA GOMES,MG,PP,camara
304,FREDERICO BORGES DA COSTA,,,,,DEP. FREDERICO BORGES DA COSTA,MG,PATRIOTA,camara
305,ANTONIO RIBEIRO,,,,,DEP. ANTONIO RIBEIRO,PB,PT,camara
306,GASTAO DIAS VIEIRA,GASTAO VIEIRA,,,,DEP. GASTAO DIAS VIEIRA,MA,PROS,camara
307,GELSON DE AZEVEDO ALMEIDA,,,,,DEP. GELSON DE AZEVEDO ALMEIDA,RJ,PL,camara
308,GENECIAS MATEUS NORONHA,,,,,DEP. GENECIAS MATEUS NORONHA,CE,SOLIDARIEDADE,camara
309,ELIESER GIRAO MONTEIRO FILHO,GENERAL GIRAO,,,,DEP. ELIESER GIRAO MONTEIRO FILHO,RN,PSL,camara
310,ROBERTO SEBASTIAO PETERNELLI JUNIOR,,,,,DEP. ROBERTO SEBASTIAO PETERNELLI JUNIOR,SP,PSL,camara
311,EUGENIO JOSE ZULIANI,,,,,DEP. EUGENIO JOSE ZULIANI,SP,DEM,camara
312,GEOVANIA DE SA,,,,,DEP. GEOVANIA DE SA,SC,PSDB,camara
313,GERVASIO AGRIPINO MAIA,,,,,DEP. GERVASIO AGRIPINO MAIA,PB,PSB,camara
314,FERNANDO LUCIO GIACOBO,,,,,DEP. FERNANDO LUCIO GIACOBO,PR,PL,camara
315,GILLIANO FRED NASCIMENTO CUTRIM,,,,,DEP. GILLIANO FRED NASCIMENTO CUTRIM,MA,REPUBLICANOS,camara
316,GILBERTO APARECIDO ABRAMO,GILBERTO ABRAMO,,,,DEP. GILBERTO APARECIDO ABRAMO,MG,REPUBLICANOS,camara
317,GILBERTO NASCIMENTO SILVA,,,,,DEP. GILBERTO NASCIMENTO SILVA,SP,PSC,camara
318,GILSON MARQUES VIEIRA,,,,,DEP. GILSON MARQUES VIEIRA,SC,NOVO,camara
319,GIOVANI CHERINI,,,,,DEP. GIOVANI CHERINI,RS,PL,camara
320,GIOVANI BATISTA FELTES,,,,,DEP. GIOVANI BATISTA FELTES,RS,MDB,camara
321,GLAUBER DE MEDEIROS BRAGA,,,,,DEP. GLAUBER DE MEDEIROS BRAGA,RJ,PSOL,camara
322,GLAUSKSTON BATISTA RIOS,,,,,DEP. GLAUSKSTON BATISTA RIOS,GO,PSC,camara
323,GLEISI HELENA HOFFMANN,,,,,DEP. GLEISI HELENA HOFFMANN,PR,PT,camara
324,LUIZ GONZAGA PATRIOTA,,,,,DEP. LUIZ GONZAGA PATRIOTA,PE,PSB,camara
325,GREYCE DE QUEIROZ ELIAS,,,,,DEP. GREYCE DE QUEIROZ ELIAS,MG,AVANTE,camara
326,JOSE GUILHERME NEGRAO PEIXOTO,,,,,DEP. JOSE GUILHERME NEGRAO PEIXOTO,SP,PSL,camara
327,GUILHERME MURARO DERRITE,,,,,DEP. GUILHERME MURARO DERRITE,SP,PP,camara
328,GUILHERME MUSSI FERREIRA,,,,,DEP. GUILHERME MUSSI FERREIRA,SP,PP,camara
329,JOAO CARLOS SOARES GURGEL,,,,,DEP. JOAO CARLOS SOARES GURGEL,RJ,PSL,camara
330,VICENTE ALVES DE OLIVEIRA JUNIOR,VICENTINHO JUNIOR,,,,DEP. VICENTE ALVES DE OLIVEIRA JUNIOR,PL,TO,camara
331,GUSTAVO BONATO FRUET,,,,,DEP. GUSTAVO BONATO FRUET,PR,PDT,camara
332,LUIZ AUGUSTO CARVALHO RIBEIRO FILHO,,,,,DEP. LUIZ AUGUSTO CARVALHO RIBEIRO FILHO,SE,SOLIDARIEDADE,camara
333,GUTEMBERG REIS DE OLIVEIRA,,,,,DEP. GUTEMBERG REIS DE OLIVEIRA,RJ,MDB,camara
334,HAROLDO ALVES CAMPOS,,,,,DEP. HAROLDO ALVES CAMPOS,RR,PSD,camara
335,HEITOR RODRIGO PEREIRA FREIRE,,,,,DEP. HEITOR RODRIGO PEREIRA FREIRE,CE,PSL,camara
336,HEITOR JOSE SCHUCH,,,,,DEP. HEITOR JOSE SCHUCH,RS,PSB,camara
337,HELDER IGNACIO SALOMAO,,,,,DEP. HELDER IGNACIO SALOMAO,ES,PT,camara
338,HELIO FRANCISCO DA COSTA,,,,,DEP. HELIO FRANCISCO DA COSTA,SC,REPUBLICANOS,camara
339,HELIO LEITE DA SILVA,,,,,DEP. HELIO LEITE DA SILVA,PA,DEM,camara
340,HELIO FERNANDO BARBOSA LOPES,,,,,DEP. HELIO FERNANDO BARBOSA LOPES,RJ,PSL,camara
341,HENRIQUE FONTANA JUNIOR,,,,,DEP. HENRIQUE FONTANA JUNIOR,RS,PT,camara
342,HERCILIO ARAUJO DINIZ FILHO,,,,,DEP. HERCILIO ARAUJO DINIZ FILHO,MG,MDB,camara
343,HERCULANO CASTILHO PASSOS JUNIOR,,,,,DEP. HERCULANO CASTILHO PASSOS JUNIOR,SP,MDB,camara
344,HERMES PARCIANELLO,,,,,DEP. HERMES PARCIANELLO,PR,MDB,camara
345,HILDO AUGUSTO DA ROCHA NETO,,,,,DEP. HILDO AUGUSTO DA ROCHA NETO,MA,MDB,camara
346,HIRAN MANUEL GONCALVES DA SILVA,,,,,DEP. HIRAN MANUEL GONCALVES DA SILVA,RR,PP,camara
347,MANUEL MARCOS CARVALHO DE MESQUITA,MANUEL MARCOS,,,,DEP. MANUEL MARCOS CARVALHO DE MESQUITA,AC,REPUBLICANOS,camara
348,HUGO LEAL MELO DA SILVA,,,,,DEP. HUGO LEAL MELO DA SILVA,RJ,PSD,camara
349,HUGO MOTTA WANDERLEY DA NOBREGA,,,,,DEP. HUGO MOTTA WANDERLEY DA NOBREGA,PB,REPUBLICANOS,camara
350,ANTONIO IDILVAN DE LIMA ALENCAR,,,,,DEP. ANTONIO IDILVAN DE LIMA ALENCAR,CE,PDT,camara
351,ANDERSON MACHADO DE JESUS,,,,,DEP. ANDERSON MACHADO DE JESUS,BA,DEM,camara
352,IGOR TARCIANO TIMO,IGOR TIMO,,,,DEP. IGOR TARCIANO TIMO,MG,PODE,camara
353,IRACEMA MARIA PORTELLA NUNES NOGUEIRA LIMA,,,,,DEP. IRACEMA MARIA PORTELLA NUNES NOGUEIRA LIMA,PI,PP,camara
354,ISNALDO BULHOES BARROS JUNIOR,,,,,DEP. ISNALDO BULHOES BARROS JUNIOR,AL,MDB,camara
355,IVAN VALENTE,,,,,DEP. IVAN VALENTE,SP,PSOL,camara
356,JANDIRA FEGHALI,,,,,DEP. JANDIRA FEGHALI,RJ,PCdoB,camara
357,DIRLAINE JAQUELINE CASSOL,JAQUELINE CASSOL,,,,DEP. DIRLAINE JAQUELINE CASSOL,RO,PP,camara
358,JEFFERSON ALVES DE CAMPOS,,,,,DEP. JEFFERSON ALVES DE CAMPOS,SP,PSB,camara
359,JERONIMO PIZZOLOTTO GOERGEN,,,,,DEP. JERONIMO PIZZOLOTTO GOERGEN,RS,PP,camara
360,JESSICA ROJAS SALES,,,,,DEP. JESSICA ROJAS SALES,AC,MDB,camara
361,JESUS SERGIO DE MENEZES,,,,,DEP. JESUS SERGIO DE MENEZES,AC,PDT,camara
362,JOHNATHAN PEREIRA DE JESUS,,,,,DEP. JOHNATHAN PEREIRA DE JESUS,RR,REPUBLICANOS,camara
363,JOAO CAMPOS DE ARAUJO,,,,,DEP. JOAO CAMPOS DE ARAUJO,GO,REPUBLICANOS,camara
364,JOAO CARLOS PAOLILO BACELAR FILHO,,,,,DEP. JOAO CARLOS PAOLILO BACELAR FILHO,BA,PL,camara
365,JOAO SOMARIVA DANIEL,JOAO DANIEL,,,,DEP. JOAO SOMARIVA DANIEL,SE,PT,camara
366,JOAO DA SILVA MAIA,,,,,DEP. JOAO DA SILVA MAIA,RN,PL,camara
367,JOAO MARCELO SANTOS SOUZA,,,,,DEP. JOAO MARCELO SANTOS SOUZA,MA,MDB,camara
368,JOAQUIM PASSARINHO PINTO DE SOUZA PORTO,,,,,DEP. JOAQUIM PASSARINHO PINTO DE SOUZA PORTO,PA,PSD,camara
369,JOENIA BATISTA DE CARVALHO,JOENIA WAPICHANA,JOENIA BATISTA DE CARVALHO,,,DEP. JOENIA BATISTA DE CARVALHO,RR,REDE,camara
370,JOICE CRISTINA HASSELMANN,,,,,DEP. JOICE CRISTINA HASSELMANN,SP,PSL,camara
371,JONES BARBOSA DE MOURA,,,,,DEP. JONES BARBOSA DE MOURA,RJ,PSD,camara
372,JORGE BRAZ DE OLIVEIRA,,,,,DEP. JORGE BRAZ DE OLIVEIRA,RJ,REPUBLICANOS,camara
373,JORGE JOSE SANTOS PEREIRA SOLLA,,,,,DEP. JORGE JOSE SANTOS PEREIRA SOLLA,BA,PT,camara
374,JORIELSON BRITO NASCIMENTO,,,,,DEP. JORIELSON BRITO NASCIMENTO,AP,PL,camara
375,JOSE AIRTON FELIX CIRILO DA SILVA,,,,,DEP. JOSE AIRTON FELIX CIRILO DA SILVA,CE,PT,camara
376,JOSE NOBRE GUIMARAES,,,,,DEP. JOSE NOBRE GUIMARAES,CE,PT,camara
377,JOSE MARIO SCHREINER,,,,,DEP. JOSE MARIO SCHREINER,GO,DEM,camara
378,JOSE ANTONIO DOS SANTOS MEDEIROS,JOSE MEDEIROS,,,,DEP. JOSE ANTONIO DOS SANTOS MEDEIROS,MT,PODE,camara
379,JOSE NELTO LAGARES DAS MERCEZ,,,,,DEP. JOSE NELTO LAGARES DAS MERCEZ,GO,PODE,camara
380,JOSE NUNES SOARES,JOSE NUNES,,,,DEP. JOSE NUNES SOARES,BA,PSD,camara
381,JOSE BENITO PRIANTE JUNIOR,,,,,DEP. JOSE BENITO PRIANTE JUNIOR,PA,MDB,camara
382,JOSE RICARDO WENDLING,,,,,DEP. JOSE RICARDO WENDLING,AM,PT,camara
383,JOSE ALVES ROCHA,,,,,DEP. JOSE ALVES ROCHA,BA,PL,camara
384,JOSEILDO RIBEIRO RAMOS,,,,,DEP. JOSEILDO RIBEIRO RAMOS,BA,PT,camara
385,JOSIMAR CUNHA RODRIGUES,,,,,DEP. JOSIMAR CUNHA RODRIGUES,MA,PL,camara
386,JOSIVALDO DOS SANTOS MELO,JOSIVALDO JP,,,,DEP. JOSIVALDO DOS SANTOS MELO,MA,PODE,camara
387,JUAREZ ALVES DA COSTA,,,,,DEP. JUAREZ ALVES DA COSTA,MT,MDB,camara
388,GULLIEM CHARLES BEZERRA LEMOS,,,,,DEP. GULLIEM CHARLES BEZERRA LEMOS,PB,PSL,camara
389,JULIO CESAR DE CARVALHO LIMA,,,,,DEP. JULIO CESAR DE CARVALHO LIMA,PI,PSD,camara
390,JULIO CESAR RIBEIRO,,,,,DEP. JULIO CESAR RIBEIRO,DF,REPUBLICANOS,camara
391,JULIO CESAR DELGADO,JULIO DELGADO,,,,DEP. JULIO CESAR DELGADO,MG,PSB,camara
392,JULIO LUIZ BAPTISTA LOPES,,,,,DEP. JULIO LUIZ BAPTISTA LOPES,RJ,PP,camara
393,ROGERIO TEIXEIRA JUNIOR,,,,,DEP. ROGERIO TEIXEIRA JUNIOR,RJ,DEM,camara
394,GERALDO JUNIO DO AMARAL,CABO JUNIO AMARAL,JUNIO AMARAL,JUNIOR AMARAL,JUNIO AMARAL BANCADA,DEP. GERALDO JUNIO DO AMARAL,MG,PSL,camara
395,JOAO FERRARI JUNIOR,,,,,DEP. JOAO FERRARI JUNIOR,PA,PSD,camara
396,JOSE LOURENCO BOMFIM JUNIOR,UNOR LOURENCO,JUNOR LOURENCO,JUNIOR LOURENCO,,DEP. JOSE LOURENCO BOMFIM JUNIOR,MA,PL,camara
397,ANTONIO LUIZ RODRIGUES MANO JUNIOR,,,,,DEP. ANTONIO LUIZ RODRIGUES MANO JUNIOR,CE,PL,camara
398,JOSE JUSCELINO DOS SANTOS REZENDE FILHO,,,,,DEP. JOSE JUSCELINO DOS SANTOS REZENDE FILHO,MA,DEM,camara
399,KIM PATROCA KATAGUIRI,,,,,DEP. KIM PATROCA KATAGUIRI,SP,DEM,camara
400,LAERCIO JOSE DE OLIVEIRA,,,,,DEP. LAERCIO JOSE DE OLIVEIRA,SE,PP,camara
401,LAERTE RODRIGUES DE BESSA,,,,,DEP. LAERTE RODRIGUES DE BESSA,DF,PL,camara
402,LAFAYETTE LUIZ DOORGAL DE ANDRADA,,,,,DEP. LAFAYETTE LUIZ DOORGAL DE ANDRADA,MG,REPUBLICANOS,camara
403,LAURIETE RODRIGUES DE JESUS,LAURIETE,,,,DEP. LAURIETE RODRIGUES DE JESUS,ES,PSC,camara
404,LEANDRE DAL PONTE,,,,,DEP. LEANDRE DAL PONTE,PR,PV,camara
405,LEDA MARIA SADALA BRITO,,,,,DEP. LEDA MARIA SADALA BRITO,AP,AVANTE,camara
406,LEONARDO CUNHA DE BRITO,LEO DE BRITO,,,,DEP. LEONARDO CUNHA DE BRITO,AC,PT,camara
407,LEONARDO BARRETO DE MORAES,,,,,DEP. LEONARDO BARRETO DE MORAES,RO,PODE,camara
408,ELIEL MARCIO DO CARMO,,,,,DEP. ELIEL MARCIO DO CARMO,MG,PSL,camara
409,JOSE LEONARDO COSTA MONTEIRO,,,,,DEP. JOSE LEONARDO COSTA MONTEIRO,MG,PT,camara
410,LEONARDO CARNEIRO MONTEIRO PICCIANI,LEONARDO MONTEIRO,,,,DEP. LEONARDO CARNEIRO MONTEIRO PICCIANI,RJ,MDB,camara
411,JOSE LEONIDAS DE MENEZES CRISTINO,,,,,DEP. JOSE LEONIDAS DE MENEZES CRISTINO,CE,PDT,camara
412,LEUR ANTONIO DE BRITTO LOMANTO JUNIOR,LEUR LOMANTO,,,,DEP. LEUR ANTONIO DE BRITTO LOMANTO JUNIOR,BA,DEM,camara
413,LIDICE DA MATA E SOUZA,,,,,DEP. LIDICE DA MATA E SOUZA,BA,PSB,camara
414,LINCOLN DINIZ PORTELA,LINCOLN PORTELA,,,,DEP. LINCOLN DINIZ PORTELA,MG,PL,camara
415,LIZIANE BAYER DA COSTA,,,,,DEP. LIZIANE BAYER DA COSTA,RS,PSB,camara
416,LOESTER CARLOS GOMES DE SOUZA,,,,,DEP. LOESTER CARLOS GOMES DE SOUZA,MS,PSL,camara
417,LOURIVAL GOMES DE ALMEIDA,,,,,DEP. LOURIVAL GOMES DE ALMEIDA,RJ,PSL,camara
418,LUCAS DE VASCONCELOS GONZALEZ,LUCAS GONZALEZ,,,,DEP. LUCAS DE VASCONCELOS GONZALEZ,MG,NOVO,camara
419,LUCAS BELLO REDECKER,,,,,DEP. LUCAS BELLO REDECKER,RS,PSDB,camara
420,LUCAS DE CASTRO SANTOS,,,,,DEP. LUCAS DE CASTRO SANTOS,GO,SOLIDARIEDADE,camara
421,LUCIANO CALDAS BIVAR,LUCIANO CALDAS BIVAR,LUCIANO BIVAR,,,DEP. LUCIANO CALDAS BIVAR,PE,PSL,camara
422,LUCIANO DUCCI,,,,,DEP. LUCIANO DUCCI,PR,PSB,camara
423,LUCIO ANTONIO MOSQUINI,,,,,DEP. LUCIO ANTONIO MOSQUINI,RO,MDB,camara
424,LUIS CLAUDIO FERNANDES MIRANDA,,,,,DEP. LUIS CLAUDIO FERNANDES MIRANDA,DF,DEM,camara
425,LUIS HENRIQUE DE OLIVEIRA RESENDE,LUIS TIBE,,,,DEP. LUIS HENRIQUE DE OLIVEIRA RESENDE,MG,AVANTE,camara
426,LUISA CANZIANI DOS SANTOS SILVEIRA,,,,,DEP. LUISA CANZIANI DOS SANTOS SILVEIRA,PR,PTB,camara
427,LUIZ ANTONIO C. C. CORREA DA SILVA,,,,,DEP. LUIZ ANTONIO C. C. CORREA DA SILVA,RJ,PL,camara
428,LUIZ CARLOS MOTTA,,,,,DEP. LUIZ CARLOS MOTTA,SP,PL,camara
429,LUIZ EDUARDO CARNEIRO DA SILVA DE SOUZA LIMA,,,,,DEP. LUIZ EDUARDO CARNEIRO DA SILVA DE SOUZA LIMA,RJ,PSL,camara
430,LUIZ HILOSHI NISHIMORI,,,,,DEP. LUIZ HILOSHI NISHIMORI,PR,PL,camara
431,LUIZ PHILIPPE DE ORLEANS BRAGANCA,,,,,DEP. LUIZ PHILIPPE DE ORLEANS BRAGANCA,SP,PSL,camara
432,LUIZA ERUNDINA DE SOUSA,,,,,DEP. LUIZA ERUNDINA DE SOUSA,SP,PSOL,camara
433,LUIZ GOULARTE ALVES,,,,,DEP. LUIZ GOULARTE ALVES,PR,REPUBLICANOS,camara
434,LUIZIANNE DE OLIVEIRA LINS,,,,,DEP. LUIZIANNE DE OLIVEIRA LINS,CE,PT,camara
435,MAGDA MOFATTO HON,,,,,DEP. MAGDA MOFATTO HON,GO,PL,camara
436,FABIANA SILVA DE SOUZA POUBEL,,,,,DEP. FABIANA SILVA DE SOUZA POUBEL,RJ,PSL,camara
437,CYLMARA FERNANDES DA ROCHA GRIPP,MARA ROCHA,,,,DEP. CYLMARA FERNANDES DA ROCHA GRIPP,AC,PSDB,camara
438,MARCEL VAN HATTEM,,,,,DEP. MARCEL VAN HATTEM,RS,NOVO,camara
439,MARCELO HENRIQUE TEIXEIRA DIAS,,,,,DEP. MARCELO HENRIQUE TEIXEIRA DIAS,MG,PSL,camara
440,MARCELO GUILHERME DE ARO FERREIRA,MARCELO ARO,,,,DEP. MARCELO GUILHERME DE ARO FERREIRA,MG,PP,camara
441,MARCELO DE BRUM DA COSTA,,,,,DEP. MARCELO DE BRUM DA COSTA,RS,PSL,camara
442,MARCELO RIBEIRO FREIXO,,,,,DEP. MARCELO RIBEIRO FREIXO,RJ,PSB,camara
443,MARCELO PIRES MORAES,,,,,DEP. MARCELO PIRES MORAES,RS,PTB,camara
444,JOSE MARCELO DO NASCIMENTO NILO,,,,,DEP. JOSE MARCELO DO NASCIMENTO NILO,BA,PSB,camara
445,MARCELO RAMOS RODRIGUES,,,,,DEP. MARCELO RAMOS RODRIGUES,AM,PL,camara
446,MARCIO LUIZ ALVINO DE SOUZA,,,,,DEP. MARCIO LUIZ ALVINO DE SOUZA,SP,PL,camara
447,MARCIO DELLA VALLE BIOLCHI,,,,,DEP. MARCIO DELLA VALLE BIOLCHI,RS,MDB,camara
448,MARCIO DA SILVEIRA LABRE,,,,,DEP. MARCIO DA SILVEIRA LABRE,RJ,PSL,camara
449,MARCIO CARLOS MARINHO,,,,,DEP. MARCIO CARLOS MARINHO,BA,REPUBLICANOS,camara
450,MARCO AURELIO BERTAIOLLI,,,,,DEP. MARCO AURELIO BERTAIOLLI,SP,PSD,camara
451,DIONILSO MATEUS MARCON,,,,,DEP. DIONILSO MATEUS MARCON,RS,PT,camara
452,MARCOS AURELIO PADUA RIBEIRO GONCALVES DE SAMPAIO,,,,,DEP. MARCOS AURELIO PADUA RIBEIRO GONCALVES DE SAMPAIO,PI,MDB,camara
453,MARCOS ANTONIO PEREIRA,,,,,DEP. MARCOS ANTONIO PEREIRA,SP,REPUBLICANOS,camara
454,MARCOS BEZERRA RIBEIRO SOARES,,,,,DEP. MARCOS BEZERRA RIBEIRO SOARES,RJ,DEM,camara
455,MARGARETE DE CASTRO COELHO,,,,,DEP. MARGARETE DE CASTRO COELHO,PI,PP,camara
456,MARIA DO ROSARIO NUNES,,,,,DEP. MARIA DO ROSARIO NUNES,RS,PT,camara
457,MARIA DO PARTO MENDES ROSAS,,,,,DEP. MARIA DO PARTO MENDES ROSAS,SP,REPUBLICANOS,camara
458,MARIANA FONSECA RIBEIRO CARVALHO DE MORAES,,,,,DEP. MARIANA FONSECA RIBEIRO CARVALHO DE MORAES,RO,PSDB,camara
459,MARILIA VALENCA ROCHA ARRAES DE ALENCAR,,,,,DEP. MARILIA VALENCA ROCHA ARRAES DE ALENCAR,PE,PT,camara
460,MARINA SANTOS BATISTA DIAS,,,,,DEP. MARINA SANTOS BATISTA DIAS,PI,PL,camara
461,MARIO LUCIO HERINGER,MARIO HERINGER,,,,DEP. MARIO LUCIO HERINGER,MG,PDT,camara
462,MARIO S. M. NEGROMONTE JR.,,,,,DEP. MARIO S. M. NEGROMONTE JR.,BA,PP,camara
463,MARLON ARATOR SANTOS DA ROSA,,,,,DEP. MARLON ARATOR SANTOS DA ROSA,RS,PDT,camara
464,ANTONIO DA CRUZ FILGUEIRA NETO,,,,,DEP. ANTONIO DA CRUZ FILGUEIRA NETO,MA,PATRIOTA,camara
465,MARX BELTRAO LIMA SIQUEIRA,MARX BELTRAO,,,,DEP. MARX BELTRAO LIMA SIQUEIRA,AL,PSD,camara
466,MAURICIO ALEXANDRE DZIEDRICKI,,,,,DEP. MAURICIO ALEXANDRE DZIEDRICKI,RS,PTB,camara
467,CARLOS MAURO BENEVIDES FILHO,,,,,DEP. CARLOS MAURO BENEVIDES FILHO,CE,PDT,camara
468,MAURO RIBEIRO LOPES,MAURO LOPES,,,,DEP. MAURO RIBEIRO LOPES,MG,MDB,camara
469,MAURO NAZIF RASUL,,,,,DEP. MAURO NAZIF RASUL,RO,PSB,camara
470,MERLONG SOLANO NOGUEIRA,,,,,DEP. MERLONG SOLANO NOGUEIRA,PI,PT,camara
471,MIGUEL MOUBADDA HADDAD,,,,,DEP. MIGUEL MOUBADDA HADDAD,SP,PSDB,camara
472,MIGUEL LOMBARDI,,,,,DEP. MIGUEL LOMBARDI,SP,PL,camara
473,MILTON COELHO DA SILVA NETO,,,,,DEP. MILTON COELHO DA SILVA NETO,PE,PSB,camara
474,MILTON VIEIRA PINTO,,,,,DEP. MILTON VIEIRA PINTO,SP,REPUBLICANOS,camara
475,MISAEL ARTUR FERREIRA VARELLA,MISAEL VARELLA,,,,DEP. MISAEL ARTUR FERREIRA VARELLA,MG,PSD,camara
476,MOSES HAENDEL MELO RODRIGUES,,,,,DEP. MOSES HAENDEL MELO RODRIGUES,CE,MDB,camara
477,NATALIA BASTOS BONAVIDES,,,,,DEP. NATALIA BASTOS BONAVIDES,RN,PT,camara
478,NELSON NED PREVIDENTE,,,,,DEP. NELSON NED PREVIDENTE,MT,PSL,camara
479,NEREU CRISPIM,,,,,DEP. NEREU CRISPIM,RS,PSL,camara
480,NERI GELLER,,,,,DEP. NERI GELLER,MT,PP,camara
481,NEUCIMAR FERREIRA FRAGA,NEUCIMAR FRAGA,,,,DEP. NEUCIMAR FERREIRA FRAGA,ES,PSD,camara
482,NEWTON CARDOSO JUNIOR,NEWTON CARDOSO,,,,DEP. NEWTON CARDOSO JUNIOR,MG,MDB,camara
483,ANTONIO CARLOS NICOLETTI,,,,,DEP. ANTONIO CARLOS NICOLETTI,RR,PSL,camara
484,NILSON PINTO DE OLIVEIRA,,,,,DEP. NILSON PINTO DE OLIVEIRA,PA,PSDB,camara
485,NILTO IGNACIO TATTO,,,,,DEP. NILTO IGNACIO TATTO,SP,PT,camara
486,NIVALDO FERREIRA DE ALBUQUERQUE NETO,,,,,DEP. NIVALDO FERREIRA DE ALBUQUERQUE NETO,AL,PTB,camara
487,NORMA AYUB ALVES,,,,,DEP. NORMA AYUB ALVES,ES,DEM,camara
488,ODAIR JOSE DA CUNHA,,,,,DEP. ODAIR JOSE DA CUNHA,MG,PT,camara
489,OLIVAL HENRIQUE MARQUES DE SOUZA,,,,,DEP. OLIVAL HENRIQUE MARQUES DE SOUZA,PA,DEM,camara
490,ORLANDO SILVA DE JESUS JUNIOR,,,,,DEP. ORLANDO SILVA DE JESUS JUNIOR,SP,PCdoB,camara
491,OSIRES RODRIGUES DAMASO,,,,,DEP. OSIRES RODRIGUES DAMASO,TO,PSC,camara
492,OSMAR JOSE SERRAGLIO,,,,,DEP. OSMAR JOSE SERRAGLIO,PR,PP,camara
493,OSMAR GASPARINI TERRA,,,,,DEP. OSMAR GASPARINI TERRA,RS,MDB,camara
494,OSSESIO JOSE DA SILVA,,,,,DEP. OSSESIO JOSE DA SILVA,PE,REPUBLICANOS,camara
495,OTAVIO SANTOS SILVA LEITE,,,,,DEP. OTAVIO SANTOS SILVA LEITE,RJ,PSDB,camara
496,OTONI MOURA DE PAULO JUNIOR,,,,,DEP. OTONI MOURA DE PAULO JUNIOR,RJ,PSC,camara
497,JOSE OTACI BARROSO DO NASCIMENTO,,,,,DEP. JOSE OTACI BARROSO DO NASCIMENTO,RR,SOLIDARIEDADE,camara
498,OTTO ROBERTO MENDONCA DE ALENCAR FILHO,,,,,DEP. OTTO ROBERTO MENDONCA DE ALENCAR FILHO,BA,PSD,camara
499,JOAO CARLOS SIQUEIRA,PADRE JOAO,,,,DEP. JOAO CARLOS SIQUEIRA,MG,PT,camara
500,FRANCISCO EURICO DA SILVA,,,,,DEP. FRANCISCO EURICO DA SILVA,PE,PATRIOTA,camara
501,GILDENEMIR DE LIMA SOUSA,,,,,DEP. GILDENEMIR DE LIMA SOUSA,MA,PL,camara
502,MANOEL ISIDORIO DE SANTANA JUNIOR,,,,,DEP. MANOEL ISIDORIO DE SANTANA JUNIOR,BA,AVANTE,camara
503,PATRUS ANANIAS DE SOUZA,PATRUS ANANIAS,,,,DEP. PATRUS ANANIAS DE SOUZA,MG,PT,camara
504,PAULA MORENO PARO BELMONTE,,,,,DEP. PAULA MORENO PARO BELMONTE,DF,CIDADANIA,camara
505,PAULO FERNANDO DOS SANTOS,,,,,DEP. PAULO FERNANDO DOS SANTOS,AL,PT,camara
506,PAULO ABI-ACKEL,PAULO ABI ACKEL,,,,DEP. PAULO ABI-ACKEL,MG,PSDB,camara
507,PAULO VELLOSO DANTAS AZI,,,,,DEP. PAULO VELLOSO DANTAS AZI,BA,DEM,camara
508,PAULO EDUARDO MAESTRI BENGTSON,,,,,DEP. PAULO EDUARDO MAESTRI BENGTSON,PA,PTB,camara
509,PAULO EDUARDO LIMA MARTINS,,,,,DEP. PAULO EDUARDO LIMA MARTINS,PR,PSC,camara
510,PAULO ROBERTO FREIRE DA COSTA,,,,,DEP. PAULO ROBERTO FREIRE DA COSTA,SP,PL,camara
511,PAULO GUSTAVO GANIME ALVES TEIXEIRA,,,,,DEP. PAULO GUSTAVO GANIME ALVES TEIXEIRA,RJ,NOVO,camara
512,PAULO JOSE CARLOS GUEDES,PAULO GUEDES,,,,DEP. PAULO JOSE CARLOS GUEDES,MG,PT,camara
513,PAULO SERGIO PARANHOS DE MAGALHAES,,,,,DEP. PAULO SERGIO PARANHOS DE MAGALHAES,BA,PSD,camara
514,PAULO PEREIRA DA SILVA,,,,,DEP. PAULO PEREIRA DA SILVA,SP,SOLIDARIEDADE,camara
515,PAULO ROBERTO SEVERO PIMENTA,,,,,DEP. PAULO ROBERTO SEVERO PIMENTA,RS,PT,camara
516,PAULO SERGIO RAMOS BARBOZA,,,,,DEP. PAULO SERGIO RAMOS BARBOZA,RJ,PDT,camara
517,LUIZ PAULO TEIXEIRA FERREIRA,,,,,DEP. LUIZ PAULO TEIXEIRA FERREIRA,SP,PT,camara
518,PAULO VICENTE CALEFFI,,,,,DEP. PAULO VICENTE CALEFFI,RS,PSD,camara
519,PEDRO AUGUSTO GEROMEL BEZERRA DE MENEZES,,,,,DEP. PEDRO AUGUSTO GEROMEL BEZERRA DE MENEZES,CE,PTB,camara
520,PEDRO AUGUSTO PALARETI,,,,,DEP. PEDRO AUGUSTO PALARETI,RJ,PSD,camara
521,PEDRO OLIVEIRA CUNHA LIMA,,,,,DEP. PEDRO OLIVEIRA CUNHA LIMA,PB,PSDB,camara
522,PEDRO DOS SANTOS MARTINS,,,,,DEP. PEDRO DOS SANTOS MARTINS,AP,PSC,camara
523,PEDRO LUCAS ANDRADE FERNANDES RIBEIRO,,,,,DEP. PEDRO LUCAS ANDRADE FERNANDES RIBEIRO,MA,PTB,camara
524,PEDRO DEBONI LUPION MELLO,,,,,DEP. PEDRO DEBONI LUPION MELLO,PR,DEM,camara
525,PEDRO FRANCISCO UCZAI,,,,,DEP. PEDRO FRANCISCO UCZAI,SC,PT,camara
526,PEDRO TORRES BRANDAO VILELA,,,,,DEP. PEDRO TORRES BRANDAO VILELA,AL,PSDB,camara
527,PEDRO BANDARRA WESTPHALEN,,,,,DEP. PEDRO BANDARRA WESTPHALEN,RS,PP,camara
528,MARIA PERPETUA DE ALMEIDA,PERPETUA ALMEIDA,,,,DEP. MARIA PERPETUA DE ALMEIDA,AC,PCdoB,camara
529,ANTONIO PINHEIRO NETO,,,,,DEP. ANTONIO PINHEIRO NETO,MG,PP,camara
530,KATIA DA SILVA SASTRE,,,,,DEP. KATIA DA SILVA SASTRE,SP,PL,camara
531,DARCI POMPEO DE MATTOS,,,,,DEP. DARCI POMPEO DE MATTOS,RS,PDT,camara
532,MARCO ANTONIO FELICIANO,,,,,DEP. MARCO ANTONIO FELICIANO,SP,PL,camara
533,ALCIDES RIBEIRO FILHO,,,,,DEP. ALCIDES RIBEIRO FILHO,GO,PP,camara
534,ISRAEL MATOS BATISTA,,,,,DEP. ISRAEL MATOS BATISTA,DF,PV,camara
535,JOZIEL FERREIRA CARLOS,,,,,DEP. JOZIEL FERREIRA CARLOS,RJ,PSL,camara
536,DAYANE JAMILLE CARNEIRO DOS SANTOS PIMENTEL,,,,,DEP. DAYANE JAMILLE CARNEIRO DOS SANTOS PIMENTEL,BA,PSL,camara
537,MARIA AUXILIADORA SEABRA REZENDE,,,,,DEP. MARIA AUXILIADORA SEABRA REZENDE,TO,DEM,camara
538,MARCIVANIA DO SOCORRO DA ROCHA FLEXA,,,,,DEP. MARCIVANIA DO SOCORRO DA ROCHA FLEXA,AP,PCdoB,camara
539,ROSA NEIDE SANDES DE ALMEIDA,,,,,DEP. ROSA NEIDE SANDES DE ALMEIDA,MT,PT,camara
540,RAFAEL HUETE DA MOTTA,,,,,DEP. RAFAEL HUETE DA MOTTA,RN,PSB,camara
541,RAIMUNDO MAGALHAES COSTA,,,,,DEP. RAIMUNDO MAGALHAES COSTA,BA,PL,camara
542,RAUL JEAN LOUIS HENRY JUNIOR,,,,,DEP. RAUL JEAN LOUIS HENRY JUNIOR,PE,MDB,camara
543,REGINALDO LAZARO DE OLIVEIRA LOPES,,,,,DEP. REGINALDO LAZARO DE OLIVEIRA LOPES,MG,PT,camara
544,REINHOLD STEPHANES JUNIOR,,,,,DEP. REINHOLD STEPHANES JUNIOR,PR,PSD,camara
545,REJANE RIBEIRO SOUSA DIAS,,,,,DEP. REJANE RIBEIRO SOUSA DIAS,PI,PT,camara
546,RENATA HELLMEISTER DE ABREU,,,,,DEP. RENATA HELLMEISTER DE ABREU,SP,PODE,camara
547,RENILDO VASCONCELOS CALHEIROS,,,,,DEP. RENILDO VASCONCELOS CALHEIROS,PE,PCdoB,camara
548,RICARDO JOSE MAGALHAES BARROS,,,,,DEP. RICARDO JOSE MAGALHAES BARROS,PR,PP,camara
549,RICARDO CORREA DE BARROS,,,,,DEP. RICARDO CORREA DE BARROS,RJ,PSC,camara
550,RICARDO ZANATTA GUIDI,,,,,DEP. RICARDO ZANATTA GUIDI,SC,PSD,camara
551,RICARDO IZAR JUNIOR,,,,,DEP. RICARDO IZAR JUNIOR,SP,PP,camara
552,RICARDO AUGUSTO MACHADO DA SILVA,,,,,DEP. RICARDO AUGUSTO MACHADO DA SILVA,SP,PSB,camara
553,RICARDO TEOBALDO CAVALCANTI,,,,,DEP. RICARDO TEOBALDO CAVALCANTI,PE,PODE,camara
554,MARCOS ROBERIO RIBEIRO MONTEIRO,,,,,DEP. MARCOS ROBERIO RIBEIRO MONTEIRO,CE,PDT,camara
555,ROBERTO ALVES DE LUCENA,,,,,DEP. ROBERTO ALVES DE LUCENA,SP,PODE,camara
556,RODRIGO ANTONIO DE AGOSTINHO MENDONCA,,,,,DEP. RODRIGO ANTONIO DE AGOSTINHO MENDONCA,SP,PSB,camara
557,RODRIGO COELHO,,,,,DEP. RODRIGO COELHO,SC,PODE,camara
558,RODRIGO BATISTA DE CASTRO,,,,,DEP. RODRIGO BATISTA DE CASTRO,MG,PSDB,camara
559,ROGERIO CORREIA DE MOURA BAPTISTA,ROGERIO CORREIA,,,,DEP. ROGERIO CORREIA DE MOURA BAPTISTA,MG,PT,camara
560,ROGERIO MENDONCA,,,,,DEP. ROGERIO MENDONCA,SC,MDB,camara
561,EVANDRO ROGERIO ROMAN,,,,,DEP. EVANDRO ROGERIO ROMAN,PR,PATRIOTA,camara
562,RONALDO CARLETTO,,,,,DEP. RONALDO CARLETTO,BA,PP,camara
563,ROSANA DE OLIVEIRA VALLE,,,,,DEP. ROSANA DE OLIVEIRA VALLE,SP,PSB,camara
564,ROSANGELA DE SOUZA GOMES,,,,,DEP. ROSANGELA DE SOUZA GOMES,RJ,REPUBLICANOS,camara
565,ROSIANE MODESTO DE OLIVEIRA,,,,,DEP. ROSIANE MODESTO DE OLIVEIRA,MS,PSDB,camara
566,VALDIR LUIZ ROSSONI,,,,,DEP. VALDIR LUIZ ROSSONI,PR,PSDB,camara
567,RUBENS BUENO,,,,,DEP. RUBENS BUENO,PR,CIDADANIA,camara
568,RUBENS OTONI GOMIDE,,,,,DEP. RUBENS OTONI GOMIDE,GO,PT,camara
569,RUBENS PEREIRA E SILVA JUNIOR,,,,,DEP. RUBENS PEREIRA E SILVA JUNIOR,MA,PCdoB,camara
570,RUI GOETHE DA COSTA FALCAO,,,,,DEP. RUI GOETHE DA COSTA FALCAO,SP,PT,camara
571,RUY MANUEL CARNEIRO BARBOSA DE ACA BELCHIOR,,,,,DEP. RUY MANUEL CARNEIRO BARBOSA DE ACA BELCHIOR,PB,PSDB,camara
572,SAMIA DE SOUZA BOMFIM,,,,,DEP. SAMIA DE SOUZA BOMFIM,SP,PSOL,camara
573,SAMUEL MOREIRA DA SILVA JUNIOR,,,,,DEP. SAMUEL MOREIRA DA SILVA JUNIOR,SP,PSDB,camara
574,UBIRATAN ANTUNES SANDERSON,,,,,DEP. UBIRATAN ANTUNES SANDERSON,RS,PSL,camara
575,GILSON CARDOSO FAHUR,,,,,DEP. GILSON CARDOSO FAHUR,PR,PSD,camara
576,SEBASTIAO IGNACIO DE OLIVEIRA JUNIOR,,,,,DEP. SEBASTIAO IGNACIO DE OLIVEIRA JUNIOR,PE,AVANTE,camara
577,SERGIO LUIS LACERDA BRITO,,,,,DEP. SERGIO LUIS LACERDA BRITO,BA,PSD,camara
578,SERGIO DE SOUZA,,,,,DEP. SERGIO DE SOUZA,PR,MDB,camara
579,SERGIO TOLEDO DE ALBUQUERQUE,,,,,DEP. SERGIO TOLEDO DE ALBUQUERQUE,AL,PL,camara
580,SEVERINO DE LIRA PESSOA,,,,,DEP. SEVERINO DE LIRA PESSOA,AL,REPUBLICANOS,camara
581,SHERIDAN ESTERFANY OLIVEIRA,,,,,DEP. SHERIDAN ESTERFANY OLIVEIRA,RR,PSDB,camara
582,SIDNEY RICARDO DE OLIVEIRA LEITE,,,,,DEP. SIDNEY RICARDO DE OLIVEIRA LEITE,AM,PSD,camara
583,SILAS CAMARA,SILAS CAMARA,,,,DEP. SILAS CAMARA,AM,REPUBLICANOS,camara
584,SILVIA CRISTINA AMANCIO CHAGAS,,,,,DEP. SILVIA CRISTINA AMANCIO CHAGAS,RO,PDT,camara
585,SILVIO SERAFIM COSTA FILHO,,,,,DEP. SILVIO SERAFIM COSTA FILHO,PE,REPUBLICANOS,camara
586,SORAYA ALENCAR DOS SANTOS,,,,,DEP. SORAYA ALENCAR DOS SANTOS,RJ,PL,camara
587,SOSTENES SILVA CAVALCANTE,,,,,DEP. SOSTENES SILVA CAVALCANTE,RJ,DEM,camara
588,STEFANO AGUIAR DOS SANTOS,STEFANO AGUIAR,,,,DEP. STEFANO AGUIAR DOS SANTOS,MG,PSD,camara
589,LUIZ GONZAGA RIBEIRO,SUBTENENTE GONZAGA,,,,DEP. LUIZ GONZAGA RIBEIRO,MG,PDT,camara
590,TABATA CLAUDIA AMARAL DE PONTES,,,,,DEP. TABATA CLAUDIA AMARAL DE PONTES,SP,PSB,camara
591,FRANCISCO TADEU BARBOSA DE ALENCAR,,,,,DEP. FRANCISCO TADEU BARBOSA DE ALENCAR,PE,PSB,camara
592,TALIRIA PETRONE SOARES,,,,,DEP. TALIRIA PETRONE SOARES,RJ,PSOL,camara
593,JOAO BATISTA CONTI,,,,,DEP. JOAO BATISTA CONTI,ES,PSB,camara
594,TEREZA NELMA DA SILVA PORTO VIANA SOARES,,,,,DEP. TEREZA NELMA DA SILVA PORTO VIANA SOARES,AL,PSDB,camara
595,ERONILDES VASCONCELOS CARVALHO,,,,,DEP. ERONILDES VASCONCELOS CARVALHO,BA,REPUBLICANOS,camara
596,TIAGO DIMAS BRAGA PEREIRA,,,,,DEP. TIAGO DIMAS BRAGA PEREIRA,TO,SOLIDARIEDADE,camara
597,TIAGO LIMA MITRAUD DE CASTRO LEITE,,,,,DEP. TIAGO LIMA MITRAUD DE CASTRO LEITE,MG,NOVO,camara
598,FRANCISCO EVERARDO TIRIRICA OLIVEIRA SILVA,,,,,DEP. FRANCISCO EVERARDO TIRIRICA OLIVEIRA SILVA,SP,PL,camara
599,CARLOS TITO MARQUES CORDEIRO,,,,,DEP. CARLOS TITO MARQUES CORDEIRO,BA,AVANTE,camara
600,ANTONIO WANDSCHEER,,,,,DEP. ANTONIO WANDSCHEER,PR,PROS,camara
601,TULIO GADELHA SALES DE MELO,,,,,DEP. TULIO GADELHA SALES DE MELO,PE,PDT,camara
602,ULDURICO ALENCAR PINTO,ULDURICO JUNIOR,,,,DEP. ULDURICO ALENCAR PINTO,BA,PROS,camara
603,FRANCISCO VAIDON OLIVEIRA,,,,,DEP. FRANCISCO VAIDON OLIVEIRA,CE,PROS,camara
604,JOSE VALDEVAN DE JESUS SANTOS,,,,,DEP. JOSE VALDEVAN DE JESUS SANTOS,SE,PL,camara
605,VALMIR CARLOS DA ASSUNCAO,,,,,DEP. VALMIR CARLOS DA ASSUNCAO,BA,PT,camara
606,VANDER LUIZ DOS SANTOS LOUBET,,,,,DEP. VANDER LUIZ DOS SANTOS LOUBET,MS,PT,camara
607,VANDERLEI MACRIS,,,,,DEP. VANDERLEI MACRIS,SP,PSDB,camara
608,WAGNER BACH MARTINS,,,,,DEP. WAGNER BACH MARTINS,PA,REPUBLICANOS,camara
609,NELSI COGUETTO MARIA,,,,,DEP. NELSI COGUETTO MARIA,PR,PSD,camara
610,VICENTE PAULO DA SILVA,,,,,DEP. VICENTE PAULO DA SILVA,SP,PT,camara
611,VICENTE ALVES DE OLIVEIRA JUNIOR,VICENTINHO JUNIOR,,,,DEP. VICENTE ALVES DE OLIVEIRA JUNIOR,TO,PL,camara
612,VILSON LUIZ DA SILVA,VILSON DA FETAEMG,,,,DEP. VILSON LUIZ DA SILVA,MG,PSB,camara
613,VINICIUS RAPOZO DE CARVALHO,,,,,DEP. VINICIUS RAPOZO DE CARVALHO,SP,REPUBLICANOS,camara
614,VINICIUS LAZZER POIT,,,,,DEP. VINICIUS LAZZER POIT,SP,NOVO,camara
615,VITOR HUGO DE ARAUJO ALMEIDA,,,,,DEP. VITOR HUGO DE ARAUJO ALMEIDA,GO,PSL,camara
616,VITOR LIPPI,,,,,DEP. VITOR LIPPI,SP,PSDB,camara
617,VIVIANE DA COSTA REIS,,,,,DEP. VIVIANE DA COSTA REIS,PA,PSOL,camara
618,WALDENOR ALVES PEREIRA FILHO,,,,,DEP. WALDENOR ALVES PEREIRA FILHO,BA,PT,camara
619,WALTER PEREIRA ALVES,,,,,DEP. WALTER PEREIRA ALVES,RN,MDB,camara
620,WELITON FERNANDES PRADO,WELITON PRADO,,,,DEP. WELITON FERNANDES PRADO,MG,PROS,camara
621,JOSE WELLINGTON ROBERTO,,,,,DEP. JOSE WELLINGTON ROBERTO,PB,PL,camara
622,JOSE WILSON SANTIAGO,,,,,DEP. JOSE WILSON SANTIAGO,PB,PTB,camara
623,WOLNEY QUEIROZ MACIEL,,,,,DEP. WOLNEY QUEIROZ MACIEL,PE,PDT,camara
624,JOSE CARLOS NUNES JUNIOR,,,,,DEP. JOSE CARLOS NUNES JUNIOR,MA,PT,camara
625,JOSE CERQUEIRA DE SANTANA NETO,,,,,DEP. JOSE CERQUEIRA DE SANTANA NETO,BA,PT,camara
626,JOSE SILVA SOARES,ZE SILVA,,,,DEP. JOSE SILVA SOARES,MG,SOLIDARIEDADE,camara
627,JOSE VITOR DE RESENDE AGUIAR,ZE VITOR,,,,DEP. JOSE VITOR DE RESENDE AGUIAR,MG,PL,camara
628,JOSE CARLOS BECKER DE OLIVEIRA E SILVA,,,,,DEP. JOSE CARLOS BECKER DE OLIVEIRA E SILVA,PR,PT,camara
629,JOSE LOURENÇO BOMFIM JUNIOR,,,JUNIOR LOURENCO	,,DEP. JOSE LOURENÇO BOMFIM JUNIOR,MA,PL,camara
